,lat,lon,intersection_count,streets_per_node_avg,circuity_avg,street_length_avg
0,47.64870058519663,-122.36228608297851,169,3.0,1.034645294456055,31.60654716981132
1,47.52523524818971,-122.3083515864652,21,3.0,1.0616604379746808,43.091666666666676
2,47.69493830615077,-122.30428237763974,71,2.6808510638297873,1.0262173379397255,44.864356521739126
3,47.55874923345728,-122.30856090236372,18,2.142857142857143,1.0523097596810924,47.68335294117646
4,47.61779826524447,-122.35381071042156,341,3.303867403314917,1.0520535774440223,26.141253996447627
5,47.65418608459004,-122.35610298011552,153,3.176470588235294,1.0580626251315044,35.71888399999999
6,47.56349419948231,-122.38143735796116,122,3.130434782608696,1.0400796900977183,35.57229743589743
7,47.52574530634416,-122.4125435234378,0,0.0,0.0,0.0
8,47.69606530976796,-122.2663803425382,0,0.0,0.0,0.0
9,47.65180068710642,-122.26302858849452,0,0.0,0.0,0.0
10,47.65244051398097,-122.2731430413422,2,2.0,1.0000098619968207,6.290749999999999
11,47.662865363828864,-122.26258403717132,0,0.0,0.0,0.0
12,47.5561731122917,-122.29577953137998,46,2.6176470588235294,1.1735180778585907,67.24856097560976
13,47.56387881044766,-122.32873676995816,74,3.0,1.057124662605744,34.448904761904764
14,47.669939437978094,-122.42038484794138,15,3.0555555555555554,1.0946296460486065,36.591440000000006
15,47.61010681647557,-122.28769535241815,75,3.1645569620253164,1.021007489783348,55.08855963302751
16,47.57771349513813,-122.3071072964886,108,3.3448275862068964,1.0060515509487475,37.040102857142855
17,47.6333220278113,-122.41132507521536,0,0.0,0.0,0.0
18,47.67254736296415,-122.2901824003374,47,3.0535714285714284,1.0013027876049712,76.73338356164383
19,47.542086998626594,-122.29634291965247,84,2.989010989010989,1.022013435485564,51.720508333333335
20,47.62956283825683,-122.4077189498772,0,0.0,0.0,0.0
21,47.62140867071469,-122.39455770418172,0,0.0,0.0,0.0
22,47.67379063075758,-122.38144657196712,227,3.6455696202531644,1.009702316325883,35.20401763224181
23,47.67666670691021,-122.29895591664749,38,2.63265306122449,1.0423061849435629,44.99429824561403
24,47.51786894412279,-122.2639349003556,147,3.170886075949367,1.065736781609894,41.49629694323146
25,47.5321390172691,-122.29463556804662,3,2.0,1.026532060790194,68.77279999999999
26,47.5241690830856,-122.36672632129532,97,3.0,1.1088997903057565,43.02601379310346
27,47.66422907030041,-122.34469069887416,106,3.219298245614035,1.0273077270486322,42.1818198757764
28,47.64399228109959,-122.34016603714852,3,2.4,1.169889280891221,35.890750000000004
29,47.5503136305014,-122.3898060962107,35,3.6666666666666665,1.002127184143715,95.7926153846154
30,47.56580101999362,-122.4339048159206,0,0.0,0.0,0.0
31,47.5137784970166,-122.41327787179608,0,0.0,0.0,0.0
32,47.61589253347445,-122.4109046813916,0,0.0,0.0,0.0
33,47.57032455045288,-122.3651671347999,75,3.0,1.0539107584839842,34.38426666666666
34,47.60706581866284,-122.24041020596448,0,0.0,0.0,0.0
35,47.59511008398107,-122.40404622509836,0,0.0,0.0,0.0
36,47.57984019420863,-122.3303658815,93,2.7815126050420167,1.0717639495216433,36.786601265822796
37,47.65891211350889,-122.25222523851772,0,0.0,0.0,0.0
38,47.5649860023896,-122.36741161314576,118,2.964028776978417,1.0293487714348724,43.081117021276604
39,47.63864698451231,-122.32679653856322,230,3.318548387096774,1.0108934782524155,29.01248979591836
40,47.68495197913197,-122.27660886505336,19,3.473684210526316,1.0152436899796382,48.92654166666667
41,47.56029866741865,-122.42230719131392,0,0.0,0.0,0.0
42,47.649744426199085,-122.41476398556703,31,2.0689655172413794,1.0574880816209453,29.84701754385964
43,47.56612406360328,-122.30185167437944,10,2.375,1.0553285579472935,102.035125
44,47.672731898829625,-122.30318860882184,60,2.675,1.0276843483013995,52.59030526315788
45,47.51256754625854,-122.33102119519256,21,2.533333333333333,1.049093934650243,108.73148484848488
46,47.67914771406705,-122.2991384071312,31,3.193548387096774,1.0052668844526236,75.3858
47,47.6992938886108,-122.23594563298718,12,2.1818181818181817,1.0572597535238224,98.72028571428571
48,47.66805345667934,-122.35214629242702,179,2.9257425742574257,1.1001271722272283,31.636634686346852
49,47.55529730070684,-122.41766813813038,0,0.0,0.0,0.0
50,47.670269859992565,-122.3014670042733,154,2.935483870967742,1.030885488189822,34.12256224899598
51,47.62664504857871,-122.28007199435122,31,2.5,1.101386336767759,47.80479166666667
52,47.5223827958022,-122.27791610028024,113,2.802721088435374,1.0468527255270461,33.49722513089005
53,47.54229709487967,-122.2903057197592,53,2.585714285714286,1.028738089919831,50.81005063291138
54,47.51136292818271,-122.28746601085942,7,3.0,1.187328489219562,54.130111111111106
55,47.56030421499057,-122.32543081293964,63,2.707317073170732,1.1075977245713142,45.43569523809523
56,47.604117853200734,-122.34145963865237,95,3.1666666666666665,1.024970213080349,20.995903846153833
57,47.70702961749389,-122.2614868495148,0,0.0,0.0,0.0
58,47.68175161172617,-122.25458727640697,34,2.918918918918919,1.0878226088408969,67.40093617021276
59,47.59571125036351,-122.2681793235922,0,0.0,0.0,0.0
60,47.69306713464098,-122.25258731795988,0,0.0,0.0,0.0
61,47.53223699227052,-122.26331584338789,11,2.15,1.1106074385660798,62.13505
62,47.52942412656776,-122.27281407504104,74,2.6732673267326734,1.0652369641511397,49.06859349593499
63,47.69066542655073,-122.38635118937516,51,3.188679245283019,1.0277409024863569,66.70394520547943
64,47.61251549356735,-122.31469245450796,329,3.43768115942029,1.017551932316285,26.887047872340453
65,47.57151204477317,-122.28828779489868,70,3.0259740259740258,1.0325047338524511,55.09954455445543
66,47.54570247235522,-122.3837833080024,47,3.169811320754717,1.0120967765727793,63.2725285714286
67,47.537227072965,-122.3210362240659,63,2.883116883116883,1.127682235116131,44.73071000000001
68,47.65150586818206,-122.37509202527782,95,2.8833333333333333,1.0286404404422054,43.78905263157893
69,47.63853274789959,-122.24436729525372,3,2.0,1.1270432316482464,19.244600000000002
70,47.552544018728376,-122.26418041566843,32,2.6363636363636362,1.0227667340152802,65.96895918367349
71,47.52521923392672,-122.28900962169804,58,2.8625,1.0084558568845619,38.378433962264126
72,47.60539854136327,-122.29174049446948,73,2.793103448275862,1.0358845116782305,48.35531531531533
73,47.54951712884409,-122.29587740322634,49,2.7142857142857144,1.2931929911327618,54.23019480519481
74,47.670555524244335,-122.31457360294806,416,3.41002277904328,1.0076374232522312,23.1682030812325
75,47.61961020729171,-122.25055882838954,0,0.0,0.0,0.0
76,47.697000333965136,-122.36138249876672,54,2.7761194029850746,1.0280524857182138,47.1235975609756
77,47.599220045479626,-122.25875529969451,0,0.0,0.0,0.0
78,47.608154267044256,-122.25640804027763,0,0.0,0.0,0.0
79,47.65084237928906,-122.28513157474195,0,0.0,0.0,0.0
80,47.6723258404371,-122.42882611057448,0,0.0,0.0,0.0
81,47.68341917730923,-122.26322884554584,93,2.780701754385965,1.1221726553748483,41.01256551724137
82,47.69514831040444,-122.4235524541606,0,0.0,0.0,0.0
83,47.63737059828228,-122.43484591913432,0,0.0,0.0,0.0
84,47.52066399380529,-122.25095771052952,0,0.0,0.0,0.0
85,47.66994044871918,-122.24986150790744,0,0.0,0.0,0.0
86,47.57219920568197,-122.28588997167802,52,3.1403508771929824,1.0079424669871957,61.72056578947366
87,47.671643974705205,-122.3093322779053,235,3.137037037037037,1.0295065593421224,30.147870229007633
88,47.63127823653426,-122.28398111065106,46,3.1153846153846154,1.0135746184178294,64.46822535211267
89,47.586950765677095,-122.3941405296038,17,3.3333333333333335,1.0240209300796626,107.46327272727277
90,47.600727773302616,-122.38839311540568,0,0.0,0.0,0.0
91,47.68814628594475,-122.28019203541,32,3.0,1.0645674820908315,48.41446153846153
92,47.52028531534729,-122.25388539607523,0,0.0,0.0,0.0
93,47.68703394479724,-122.3426725917393,197,3.1271929824561404,1.037635873252054,24.247084084084097
94,47.61536336672197,-122.33957196421125,329,3.384393063583815,1.0161805028641535,23.299165441176473
95,47.51444957882566,-122.31352536897388,42,2.3384615384615386,1.179239610489174,38.32684722222222
96,47.57645334268964,-122.39289510405666,43,2.7758620689655173,1.1667822200812918,65.20099999999998
97,47.51405544015759,-122.23902530456824,0,0.0,0.0,0.0
98,47.57434999884311,-122.28773218139426,59,3.2580645161290325,1.006622646324693,61.07337209302323
99,47.60959454312715,-122.38098784206905,0,0.0,0.0,0.0
100,47.6919991299694,-122.3431498032636,320,3.283582089552239,1.0183700158275246,24.93317049808432
101,47.69627553279111,-122.2702653972585,14,3.0714285714285716,1.263872276023727,43.834941176470586
102,47.580939271937225,-122.41015301221437,58,2.5945945945945947,1.0129207276941383,26.71698850574712
103,47.523943963691245,-122.3789804633842,40,3.0652173913043477,1.0133054227790876,73.018
104,47.510243885847714,-122.25256995508632,40,3.130434782608696,1.0037606891430422,83.28704999999998
105,47.63812006216498,-122.42604849959916,0,0.0,0.0,0.0
106,47.58646543324773,-122.2551352160252,12,2.3,1.0056488317057561,48.49242105263159
107,47.6745750214496,-122.41196357727613,4,3.0,1.3782290242332773,18.990250000000003
108,47.585152575796,-122.3959658251771,17,2.619047619047619,1.0507968327599144,75.6814761904762
109,47.53371390708248,-122.36486709005668,64,2.5454545454545454,1.1459746209925148,45.33198076923077
110,47.684603922809735,-122.24800091353656,17,2.8,1.0657782667154068,62.119375
111,47.60081622330746,-122.37801425799958,0,0.0,0.0,0.0
112,47.60058747053892,-122.34638346462602,0,0.0,0.0,0.0
113,47.56225631270575,-122.42837143528682,0,0.0,0.0,0.0
114,47.58500868498635,-122.409658977558,0,0.0,0.0,0.0
115,47.541202747142506,-122.28356128899284,113,2.79136690647482,1.0432709656347294,40.42334254143646
116,47.62583534434168,-122.32767322002464,103,3.1327433628318584,1.09195131618475,25.029645962732918
117,47.51013988565159,-122.39291726902027,3,1.8571428571428572,1.1308028537089558,123.11533333333331
118,47.52965445893128,-122.35032700020864,32,3.142857142857143,1.0062233220958017,81.31633333333332
119,47.5847916453284,-122.38074474251349,16,2.3076923076923075,1.029614740711221,52.40957692307692
120,47.680494319361095,-122.36273827144764,70,3.342857142857143,1.0133778205214976,52.39323529411761
121,47.58438307214606,-122.24008317231576,57,2.359550561797753,1.0792480343629747,43.569071428571434
122,47.58356262765015,-122.34889403794271,18,2.8095238095238093,1.181116826143489,57.936041666666654
123,47.62622945737565,-122.40149081035814,0,0.0,0.0,0.0
124,47.52188226318296,-122.41054902996432,0,0.0,0.0,0.0
125,47.56685152276845,-122.42259820322622,0,0.0,0.0,0.0
126,47.56325488025192,-122.3995885044251,16,2.9047619047619047,1.0398753257290259,129.6893043478261
127,47.655821682917775,-122.30411166589148,430,2.9155470249520152,1.0376788645757684,20.514058495821736
128,47.64898819694498,-122.26822029462063,0,0.0,0.0,0.0
129,47.52582007899519,-122.37278467453012,29,3.25,1.006437176813283,75.41118604651162
130,47.55926794678927,-122.28996790974944,196,3.1728971962616823,1.0416337612153213,31.988243670886064
131,47.62663076663398,-122.38602204861834,0,0.0,0.0,0.0
132,47.646605114219454,-122.33369443086517,143,2.8959537572254335,1.058510713840722,28.91145833333333
133,47.60515120253431,-122.41902342838502,0,0.0,0.0,0.0
134,47.52207307300235,-122.43187896039676,0,0.0,0.0,0.0
135,47.64738619781118,-122.35919639861058,115,3.0793650793650795,1.0423826957453732,42.030767857142855
136,47.69617510678266,-122.23549194373594,0,0.0,0.0,0.0
137,47.63755487294445,-122.36842938008304,56,3.246153846153846,1.053505211423148,80.66046067415728
138,47.545646852316125,-122.24949780747532,0,0.0,0.0,0.0
139,47.551515291721415,-122.3324147355287,111,2.8394160583941606,1.0797027123318839,40.240730337078666
140,47.67651920029266,-122.31909816209529,155,3.022346368715084,1.0442153438192083,32.14261354581672
141,47.635529461348526,-122.40763432056204,34,3.051282051282051,1.0716154404867984,32.9175
142,47.6862353205432,-122.28942212080432,49,2.8947368421052633,1.0418983629429877,61.584833333333336
143,47.57288107225856,-122.23681762838386,27,2.25,1.0665076449307522,73.02953333333333
144,47.651643883919576,-122.24431929353707,0,0.0,0.0,0.0
145,47.59397393303172,-122.2883877057917,48,2.5714285714285716,1.015573208528458,51.08592771084338
146,47.696719037039855,-122.40392516635144,7,2.4,1.012103546125396,37.55566666666667
147,47.579607628507766,-122.2515507353183,5,2.4285714285714284,1.027230588883134,45.2655
148,47.68563403034565,-122.34801129766824,202,3.6551724137931036,1.002701416230425,36.062830409356685
149,47.56840941671971,-122.3007626256158,17,2.3666666666666667,1.023756708647456,43.89316666666665
150,47.58308042665677,-122.39072833032957,86,3.2736842105263158,1.0131932788826719,38.713496453900696
151,47.51603926555151,-122.33855137616465,48,2.5277777777777777,1.0407860765348758,38.84363529411764
152,47.68134062550296,-122.34861269381432,200,3.5671641791044775,1.003975008837669,32.43569486404836
153,47.6412177840893,-122.41101485784252,43,3.06,1.0188215691983333,69.3609846153846
154,47.64704698546404,-122.38721982230302,77,2.7454545454545456,1.019238816292034,35.94273188405797
155,47.643681509608925,-122.3255554396803,222,3.2489795918367346,1.0147211723087772,26.688253298153057
156,47.70276513307087,-122.397631691439,0,0.0,0.0,0.0
157,47.6317734983067,-122.31435607038976,88,3.0606060606060606,1.0941776831733694,47.303309352518
158,47.57366073265313,-122.31034314613144,253,3.454887218045113,1.008213297203291,31.375485125858123
159,47.58395248823324,-122.25546947683698,2,2.25,1.0045788694840432,68.269
160,47.596156075034045,-122.24258962522396,28,2.2291666666666665,1.060323499328606,29.64926530612245
161,47.64532457581623,-122.2759835729728,0,0.0,0.0,0.0
162,47.6097660619579,-122.29767649738535,71,3.1710526315789473,1.0093679873704928,53.510452830188704
163,47.634362112492745,-122.28644001716204,17,3.210526315789474,1.6261934849772295,126.45265217391305
164,47.61113963225456,-122.2459942779172,0,0.0,0.0,0.0
165,47.62674127878037,-122.24393320426036,1,1.6666666666666667,1.2388486662898894,27.6295
166,47.63419710441839,-122.37983210525748,33,3.1052631578947367,1.0516580464711216,69.57348979591838
167,47.6356218616294,-122.42044139402915,0,0.0,0.0,0.0
168,47.687379625547024,-122.24402032437972,0,0.0,0.0,0.0
169,47.6907807922181,-122.37394993597717,197,3.10762331838565,1.0731250191548607,28.061000000000003
170,47.59757755928514,-122.3758183109911,0,0.0,0.0,0.0
171,47.55212504039159,-122.338915726065,11,2.7142857142857144,1.1624072494530975,116.4435
172,47.68209932490712,-122.30920209047312,33,3.3529411764705883,1.0296537594028146,77.51334042553192
173,47.68694570327739,-122.30065843656732,217,3.218884120171674,1.058203622272676,30.377515492957773
174,47.5722433234261,-122.32704948366111,92,2.8290598290598292,1.1073356109721646,39.96461935483871
175,47.6548403917654,-122.3318337204574,78,3.2093023255813953,1.0070646802553456,43.55631496062991
176,47.577778602927474,-122.33021880270732,72,2.7142857142857144,1.1134260526895992,35.013616000000006
177,47.68162022207623,-122.27855573448016,79,2.978494623655914,1.2493663960617052,50.30395238095238
178,47.52673348872512,-122.35237227856436,55,2.9838709677419355,1.070607577914054,62.62456410256407
179,47.61620430482207,-122.37671723119784,0,0.0,0.0,0.0
180,47.66254750426207,-122.35365928496302,68,2.761904761904762,1.0206345830149837,40.531317307692305
181,47.52563563520735,-122.26506526785624,33,2.775,1.0730434480540803,71.52182978723403
182,47.65859506921293,-122.28154779835177,39,3.0454545454545454,1.0346459214962451,58.467557692307665
183,47.57308501127604,-122.2767098251041,1,2.0,1.0000092931559201,13.868
184,47.51706971529613,-122.3770234574702,40,3.0,1.0130595606164499,68.99427586206893
185,47.67279760398155,-122.39260140986546,70,3.219178082191781,1.0492112302548402,63.89183495145632
186,47.64117001006107,-122.23540877021318,30,2.395348837209302,1.0974689360792413,54.59348837209302
187,47.67286091041135,-122.38212389163913,217,3.5789473684210527,1.0116775350012959,33.75828912466842
188,47.590427216930685,-122.3029921131958,171,3.0710659898477157,1.0280637669265955,26.99170503597125
189,47.66440910565191,-122.35464918826656,100,3.085714285714286,1.0158625023703816,41.58809090909091
190,47.685713005292286,-122.2622272948328,76,2.5918367346938775,1.0758706561800646,48.94552991452993
191,47.63593634562377,-122.35242001330228,151,3.386904761904762,1.0030729642897263,32.01827509293682
192,47.53440518165316,-122.36567528994637,61,2.632911392405063,1.1424189721497722,43.85667708333335
193,47.70534449166539,-122.34783876651196,140,3.225165562913907,1.0132246734747994,35.482693693693676
194,47.55576612622947,-122.32444462771552,42,2.727272727272727,1.1723970675568773,30.903342857142857
195,47.697654584828,-122.23605997265982,2,2.0,1.003524255363361,74.341
196,47.626782520449126,-122.26276603763692,0,0.0,0.0,0.0
197,47.59146135982959,-122.36720708495602,0,0.0,0.0,0.0
198,47.66995627534206,-122.41160771799046,47,2.064516129032258,1.013353610392377,16.48054255319149
199,47.69200291320769,-122.4266629663236,0,0.0,0.0,0.0
200,47.51363896884001,-122.31459802164925,35,2.288135593220339,1.043575230107114,51.99232786885246
201,47.62056639379127,-122.24965645370402,0,0.0,0.0,0.0
202,47.67336486964603,-122.33313712794056,55,3.183333333333333,1.0183284019965027,60.14546913580247
203,47.58150346771426,-122.43473215146958,0,0.0,0.0,0.0
204,47.59332644514183,-122.2359018653716,24,2.1707317073170733,1.071029431968724,35.98439024390244
205,47.63713865747032,-122.3213891117524,80,3.1758241758241756,1.0135234844086836,43.511874999999996
206,47.69418817228995,-122.28989314978564,32,2.7948717948717947,1.024204898780501,55.6034680851064
207,47.61605381128142,-122.327308999735,171,3.0656565656565657,1.0194384614079512,28.706910714285744
208,47.67230182273222,-122.31369187268366,237,3.1724137931034484,1.0211733831066987,27.3739481865285
209,47.54060245151664,-122.25154757811742,0,0.0,0.0,0.0
210,47.59739465760583,-122.2381816361848,0,0.0,0.0,0.0
211,47.54742486329096,-122.38762373905467,46,2.982142857142857,1.0370044944876309,65.54579166666664
212,47.64802186381012,-122.34168291333896,110,2.805755395683453,1.0617618043888708,32.87480219780219
213,47.69039647073402,-122.30511218110684,162,2.937823834196891,1.0746824310824528,33.513201492537334
214,47.565708519441344,-122.24666754288693,0,0.0,0.0,0.0
215,47.51707079325169,-122.3854889260671,41,2.5636363636363635,1.0283867816887096,45.883193548387084
216,47.54860666190638,-122.2937218031322,36,2.630434782608696,1.0500980793143802,56.83321153846153
217,47.624028355405656,-122.42138254021567,0,0.0,0.0,0.0
218,47.66065990567239,-122.26727728000994,9,3.0,1.0833739264327058,99.379
219,47.54255691742833,-122.31529127929934,32,2.466666666666667,1.0494791395005765,52.95560416666668
220,47.60224209578272,-122.24863657698792,0,0.0,0.0,0.0
221,47.584704580515854,-122.31788591183708,127,3.2465753424657535,1.013528743529842,27.36719909502263
222,47.60348112081523,-122.25757346644744,0,0.0,0.0,0.0
223,47.55349899225956,-122.3418254728862,1,2.0,0.9999546459758929,10.875
224,47.63730815342256,-122.38841207658656,172,3.0452488687782804,1.0068910904790553,29.276106250000005
225,47.653668413310704,-122.41493622568174,85,2.608695652173913,1.0151776100314573,38.919590909090914
226,47.59997682093792,-122.34950152992975,0,0.0,0.0,0.0
227,47.6148041503416,-122.4063188166383,0,0.0,0.0,0.0
228,47.576171607348655,-122.34933217126812,22,3.3636363636363638,1.083509237904399,116.28073333333332
229,47.66197621245032,-122.31591266348288,426,3.2369565217391303,1.0458512362042562,21.911778873239406
230,47.52077820786872,-122.4087624701728,0,0.0,0.0,0.0
231,47.68501569687323,-122.3595473435055,138,3.091463414634146,1.0323490667906448,29.56387763713082
232,47.51240564987668,-122.30222075653204,21,2.8333333333333335,1.009119484576802,44.64878125000001
233,47.51436606999656,-122.25051779112871,15,3.0555555555555554,1.0011249949832037,81.17485714285712
234,47.63779919598802,-122.25968668993974,0,0.0,0.0,0.0
235,47.51066861184601,-122.3329407280178,19,3.1363636363636362,1.0225571359954553,114.15700000000002
236,47.58901597588089,-122.2352487184575,97,2.910569105691057,1.0574196969935328,30.413814371257494
237,47.571150817584304,-122.39134990793892,53,3.0163934426229506,1.0217184785671733,46.092075
238,47.67634479222389,-122.36070737747474,97,3.1545454545454548,1.1400943106345265,40.645115384615416
239,47.67545489278428,-122.31451433026012,141,2.9454545454545453,1.0475812060380927,34.476187772925776
240,47.699733461586206,-122.2719050094613,22,2.175,1.04242319685696,37.992475
241,47.69773011036922,-122.42947333960912,0,0.0,0.0,0.0
242,47.52988870118836,-122.38236710319052,28,3.5357142857142856,1.0013507367285657,93.51970270270272
243,47.58170564160456,-122.27116909652648,0,0.0,0.0,0.0
244,47.58995091983578,-122.27493793907246,0,0.0,0.0,0.0
245,47.52172315561698,-122.25034131740884,0,0.0,0.0,0.0
246,47.65218337388689,-122.37544351242909,124,2.9662162162162162,1.0573220911423795,49.10439603960395
247,47.5574840243017,-122.40933599806216,0,0.0,0.0,0.0
248,47.55707824549554,-122.39393673925986,57,2.710526315789474,1.0349229468474304,51.64976086956524
249,47.58574678105793,-122.37985254366984,16,2.1724137931034484,1.1078554184811662,54.92962068965516
250,47.52328661580827,-122.34937823161248,54,2.8955223880597014,1.0343317246345058,51.739216867469864
251,47.57153045590254,-122.29408710794532,80,2.543859649122807,1.0375854703364589,45.917157894736846
252,47.6122439688953,-122.2363675898057,0,0.0,0.0,0.0
253,47.53270386425021,-122.3571802377008,67,3.25,1.0131584448804578,49.48455882352941
254,47.66333708744801,-122.3737244073141,328,3.2929577464788733,1.0364571899669697,24.90613898916966
255,47.57991497262295,-122.31920028184896,53,3.4655172413793105,1.0208153575742034,28.587844444444443
256,47.63657899727473,-122.35102820939314,189,3.416267942583732,1.0064079479915584,30.863342342342353
257,47.56896160597677,-122.25301655635732,0,0.0,0.0,0.0
258,47.58445097570379,-122.32112792278856,93,2.694915254237288,1.0388661017464584,37.892446666666665
259,47.55721240410959,-122.35262374822858,30,2.5121951219512195,1.1134447531826008,67.71286666666667
260,47.66561952296654,-122.42298898398836,23,2.6551724137931036,1.1098281320340737,58.54639999999999
261,47.65745515034951,-122.25144060333083,0,0.0,0.0,0.0
262,47.65459029967374,-122.329220962083,100,3.0756302521008405,1.0075934914870857,31.556381502890172
263,47.67032307880198,-122.30199737204283,131,2.9125,1.0359722650254002,35.226754716981134
264,47.51879223256131,-122.2756502386716,26,2.317073170731707,1.0477294484964406,67.46516279069769
265,47.53369483171894,-122.4226823353418,0,0.0,0.0,0.0
266,47.572509022072055,-122.42157072146637,0,0.0,0.0,0.0
267,47.63790248549802,-122.28638329375632,23,2.2439024390243905,1.0163268653061577,29.529309523809534
268,47.703238999977984,-122.26862604972588,0,0.0,0.0,0.0
269,47.5656671487841,-122.2793528789522,49,2.9444444444444446,1.0895563973865694,54.11571232876712
270,47.65099367739259,-122.40742944455305,30,2.8974358974358974,1.0057109442359522,70.0597391304348
271,47.65685546829239,-122.34437176313833,179,3.076923076923077,1.020427211544713,32.05202372881355
272,47.68674996495665,-122.29157079373664,48,2.890909090909091,1.0474947038737734,61.11588235294118
273,47.6112821017501,-122.2547938935162,0,0.0,0.0,0.0
274,47.653571624017374,-122.41487507675616,80,2.5625,1.0155670458827295,39.38385271317829
275,47.613449201199096,-122.30536398960874,52,3.152542372881356,1.030998822427137,49.641734177215184
276,47.64883767437804,-122.3434717355879,116,2.761904761904762,1.04932560801579,31.350563829787205
277,47.59577032645093,-122.30453833882028,134,3.206896551724138,1.0317015447844362,25.57562443438913
278,47.673901941595126,-122.2558901946526,70,2.7241379310344827,1.1884197210655607,52.95110576923077
279,47.67579148058416,-122.364144062034,156,3.251497005988024,1.038027930671511,25.262517928286854
280,47.63786977430344,-122.37470857368196,144,2.682051282051282,1.0818586665493486,37.35775203252031
281,47.623504453429774,-122.35681146155588,169,2.9653465346534653,1.0369015238443788,32.94757192982456
282,47.57431680098107,-122.23715334685411,28,2.357142857142857,1.0907306669609806,71.16053488372097
283,47.52456801675949,-122.34810793890404,91,2.9444444444444446,1.0332378653981147,45.07203521126761
284,47.65976456589844,-122.3758817213809,31,2.6511627906976742,1.1615167808391582,35.829119999999996
285,47.69878851053185,-122.23942280374791,1,2.0,1.0374478825774793,205.397
286,47.54669349132775,-122.2380176034725,2,2.3333333333333335,1.131363111806093,61.443000000000005
287,47.52311496867709,-122.29031414250582,7,2.0714285714285716,1.0525738967849778,66.82723076923077
288,47.63291386993558,-122.27905745817272,72,2.925925925925926,1.0315638959250555,45.54269811320756
289,47.65393672628523,-122.24947916764876,0,0.0,0.0,0.0
290,47.57807313309983,-122.2462474043953,16,2.066666666666667,1.0855017762391468,73.89344827586208
291,47.70755691921158,-122.27468426153835,6,3.3333333333333335,1.0066403111821345,131.06699999999998
292,47.53860646117624,-122.34958625849366,64,3.0972222222222223,1.0705120950806084,27.808550000000015
293,47.55250785838217,-122.3103348428586,59,2.9466666666666668,1.0102916045893524,51.66214141414141
294,47.67232725512111,-122.43475739306966,0,0.0,0.0,0.0
295,47.66259896639905,-122.42309394788352,23,3.04,1.0451607239749297,80.9506896551724
296,47.62452494150338,-122.32591632442626,64,3.25,1.0348200851723384,40.26314285714285
297,47.52312430321652,-122.27817073560205,109,2.7832167832167833,1.0573038145681635,33.69606417112299
298,47.69694421349644,-122.3612824606676,51,2.7777777777777777,1.0327138134459406,42.860240506329106
299,47.545979074263066,-122.35884792355311,34,2.5686274509803924,1.0282218723174588,42.03461403508772
300,47.70584857311038,-122.39955408665504,0,0.0,0.0,0.0
301,47.70659655312206,-122.30592890623932,50,2.75,1.0345329214843368,51.56151898734178
302,47.58588667347333,-122.41684121582566,0,0.0,0.0,0.0
303,47.640598932493326,-122.430785841958,0,0.0,0.0,0.0
304,47.57395619105785,-122.23637868123032,31,2.369565217391304,1.068126213770598,66.80970212765959
305,47.63711585818493,-122.26336162541084,0,0.0,0.0,0.0
306,47.62878335758508,-122.35862996023232,59,2.8783783783783785,1.02767950361587,60.98569230769232
307,47.5973779265812,-122.35558384584496,0,0.0,0.0,0.0
308,47.56385762875131,-122.411203326851,1,2.5,1.177833956658986,24.453
309,47.518224258431125,-122.32856117017867,31,2.710526315789474,1.3101410488064502,74.96430612244899
310,47.54982051972916,-122.2772193141426,82,2.880434782608696,1.061295729553068,40.672474999999984
311,47.598381517182304,-122.35967848621058,0,0.0,0.0,0.0
312,47.58293137361571,-122.38168819681462,129,3.0328947368421053,1.027730294677804,26.920421052631568
313,47.551305702727774,-122.42873930288602,0,0.0,0.0,0.0
314,47.57677119888667,-122.43286730373852,0,0.0,0.0,0.0
315,47.55639305577425,-122.30277154887187,108,2.948148148148148,1.1590648626663411,47.468255434782634
316,47.67239685366496,-122.41021767971633,15,2.0,1.0290639776604242,15.108758620689658
317,47.69736285299988,-122.26135981458827,0,0.0,0.0,0.0
318,47.57673122002024,-122.31233188266025,371,3.6339522546419096,1.0042032742025293,24.24265023112479
319,47.54985802859177,-122.4338816191613,0,0.0,0.0,0.0
320,47.65815653289887,-122.373453095467,23,2.3529411764705883,1.5439269767634396,58.776
321,47.544634417063016,-122.43127415242802,0,0.0,0.0,0.0
322,47.54226533612008,-122.3883213281414,66,2.871794871794872,1.0821526453820576,57.271774509803954
323,47.55794349070906,-122.30339547982118,152,3.165714285714286,1.1926489593776477,42.50667816091956
324,47.54414462100087,-122.32104857819937,70,3.0821917808219177,1.1202183738956064,48.87037999999998
325,47.544782778078456,-122.31802747078645,65,2.7804878048780486,1.048943306214586,41.482545454545466
326,47.65815360759603,-122.3974646116132,67,2.5555555555555554,1.0184935106444015,40.53533628318583
327,47.6991719831556,-122.35040326437031,82,3.302325581395349,1.0135878856851723,39.20295161290325
328,47.59444294853096,-122.40647265252636,0,0.0,0.0,0.0
329,47.51078518726109,-122.4345272955423,0,0.0,0.0,0.0
330,47.68376645501943,-122.3385046471046,73,2.929411764705882,1.0297392710001723,44.315036363636395
331,47.53080838190317,-122.24800868991518,0,0.0,0.0,0.0
332,47.62784350414765,-122.4277600269932,0,0.0,0.0,0.0
333,47.63367463382102,-122.36255129984424,73,3.0617283950617282,1.0111003132988814,46.04259633027524
334,47.5933978311043,-122.24198652967232,58,2.173076923076923,1.130377741235234,36.07814953271027
335,47.62743978791521,-122.3650517562169,107,2.7202797202797204,1.073172027663487,36.81901129943503
336,47.60756641846764,-122.31206653804732,222,3.5021459227467813,1.0340038354361958,29.237018421052635
337,47.61339561152096,-122.33652555638892,404,3.3734939759036147,1.0143275278298518,22.42974847560975
338,47.52040868235189,-122.26331874591668,136,3.064935064935065,1.1200662159716912,30.451488372093028
339,47.59215195403917,-122.41146683842078,0,0.0,0.0,0.0
340,47.667151830516985,-122.31208950509706,322,3.4881656804733727,1.005775869115778,29.68828571428574
341,47.68966788078958,-122.3682080774915,60,3.1029411764705883,1.0175877315587862,41.58408888888887
342,47.59245800418813,-122.29051252555958,93,2.905982905982906,1.0242482464807237,42.502457516339874
343,47.62138472624636,-122.26601607182766,0,0.0,0.0,0.0
344,47.55150791997808,-122.2697787446898,62,2.958904109589041,1.0069731563381221,58.9721052631579
345,47.5941210832622,-122.33262498690094,66,3.1805555555555554,1.0211453776358983,37.45177777777777
346,47.67231102004863,-122.26488641607745,29,3.1,1.0267516287646639,66.00184210526317
347,47.56704572875793,-122.30700142290164,31,2.9714285714285715,1.791764031274146,89.95239534883721
348,47.52236568842685,-122.42455358445656,0,0.0,0.0,0.0
349,47.58363776679523,-122.23637471029792,173,2.925,1.1155518990425919,32.01390613718412
350,47.55597160721829,-122.35189035603652,18,2.608695652173913,1.1130192693289331,84.38944
351,47.68647805760865,-122.38212098626904,64,3.378787878787879,1.0102868944549195,72.62731578947366
352,47.632950490769765,-122.314424312133,76,2.988372093023256,1.1160336093741394,54.128775862068984
353,47.54282024788608,-122.35026182045485,22,2.8076923076923075,1.1090735976276314,76.21886666666666
354,47.704693526322274,-122.26456087570382,0,0.0,0.0,0.0
355,47.68729443679847,-122.32754598287949,48,2.903225806451613,1.0407494059114495,51.09117721518987
356,47.65282393917175,-122.28171501117518,12,2.4210526315789473,1.0366505247642555,43.033350000000006
357,47.610273617494606,-122.31683251026983,247,3.1684587813620073,1.0175907870521532,26.921542168674712
358,47.63775983190141,-122.2986937097456,117,2.8413793103448275,1.0289714286173004,38.79002150537632
359,47.62813129499146,-122.37881450202596,5,2.6666666666666665,1.04072935192375,89.90933333333334
360,47.59997228891811,-122.30531005858911,200,3.109170305676856,1.0417173472786339,27.289504531722052
361,47.61404234861303,-122.40639232086512,0,0.0,0.0,0.0
362,47.6416534759372,-122.33770588220182,0,0.0,0.0,0.0
363,47.695185461645146,-122.28445034662326,16,2.4583333333333335,1.0241247339311776,62.49575000000001
364,47.61189259958292,-122.40115689916465,0,0.0,0.0,0.0
365,47.68302003247333,-122.39502129575196,43,3.2954545454545454,1.0033215819718595,76.38385245901638
366,47.58059606231701,-122.28839826854802,59,3.3,1.1067931061909868,64.3012
367,47.51741159080111,-122.24733393170013,0,0.0,0.0,0.0
368,47.55761042241208,-122.35664329683854,31,2.608695652173913,1.0702663763243252,45.03930909090911
369,47.649624680468605,-122.2803157781625,12,2.1904761904761907,1.0552294193609573,34.36466666666667
370,47.66227780389478,-122.24828142049294,0,0.0,0.0,0.0
371,47.51427004195132,-122.3625532622706,11,2.6470588235294117,1.0231129473674798,98.87352941176471
372,47.69488018845915,-122.3998288829493,23,2.236842105263158,1.0565171211861943,52.27034146341463
373,47.69494670379654,-122.37621734406008,85,2.8350515463917527,1.0963161312144223,37.89588188976378
374,47.66559876109011,-122.31726503783936,285,3.34983498349835,1.0329400975450729,24.348528421052627
375,47.64234712674422,-122.31040302921288,127,2.96,1.0347723592566056,22.982514423076942
376,47.657348453595546,-122.32369966714546,194,3.1194690265486726,1.0276481233967234,30.131821212121224
377,47.5312654963331,-122.3543765833704,14,3.6666666666666665,0.9999996509269764,100.73631578947366
378,47.52961047450549,-122.3864813428049,27,2.96875,1.0129988997909218,81.06699999999998
379,47.64964748513309,-122.40714215808828,36,2.6,1.0211558460389039,54.0303015873016
380,47.70013601252278,-122.2862968952245,15,2.4761904761904763,1.0081538306851319,85.64385714285714
381,47.65658247512987,-122.24744260302973,0,0.0,0.0,0.0
382,47.60951325734541,-122.4037901054072,0,0.0,0.0,0.0
383,47.59660313345272,-122.28324842984053,0,0.0,0.0,0.0
384,47.65382394513597,-122.34381854256976,170,3.0653266331658293,1.0569404015138466,33.3098865248227
385,47.57681348391652,-122.32267266339858,49,2.783333333333333,1.1038837671614998,49.94056164383562
386,47.55552960627384,-122.28516337424269,73,2.6122448979591835,1.0827935246284055,39.03559649122807
387,47.55200659980261,-122.37744437624912,45,3.196078431372549,1.006544898992219,70.58310294117645
388,47.55400581894058,-122.35208040291552,45,2.6031746031746033,1.091458152093881,42.97324000000001
389,47.51460274817901,-122.27253282322673,45,2.220779220779221,1.0275119134639745,42.35912987012988
390,47.69562730258429,-122.35323383361406,80,2.9885057471264367,1.0463461732793562,50.73257894736844
391,47.68418193629431,-122.38994749579008,46,3.3617021276595747,1.0260728178474825,62.00077272727274
392,47.56634501061947,-122.27829371613524,31,2.9411764705882355,1.0570205124350591,48.9996046511628
393,47.59831215127274,-122.32804214549756,399,3.31924882629108,1.0432365845451703,22.101368499257052
394,47.69092343513367,-122.25168000840443,0,0.0,0.0,0.0
395,47.58999701301492,-122.42565027022982,0,0.0,0.0,0.0
396,47.5430177739942,-122.28973214235128,42,2.3230769230769233,1.031097176383714,51.984449275362316
397,47.605743249017145,-122.25616602490624,0,0.0,0.0,0.0
398,47.701312022332175,-122.32341498804212,211,3.071729957805907,1.1000021978845647,28.74548688046647
399,47.560483384160925,-122.3320252094513,20,2.7083333333333335,1.2899318331739469,52.79743333333332
400,47.54235129104334,-122.3302554452607,53,2.918032786885246,1.14624267580449,51.01743421052631
401,47.63105159446948,-122.25378993705212,0,0.0,0.0,0.0
402,47.63964934543387,-122.26489004691813,0,0.0,0.0,0.0
403,47.521481934178695,-122.40204086878386,0,0.0,0.0,0.0
404,47.51117471645144,-122.24608345656472,28,2.4,1.0200017962141161,49.65718749999999
405,47.604494729722,-122.35347333259446,0,0.0,0.0,0.0
406,47.5472875471954,-122.35030419872288,49,2.694915254237288,1.1916142790348334,47.846146666666655
407,47.67096071803438,-122.3374979300024,32,3.090909090909091,1.0459049040446389,77.7599512195122
408,47.66208318409364,-122.40038245559651,25,2.292682926829268,1.0035000686110955,39.03820930232558
409,47.57087824768092,-122.33625843928988,76,2.957894736842105,1.0156334327495893,36.87441269841266
410,47.57118341255799,-122.3008659727644,18,2.4615384615384617,1.1679002059265775,60.241296296296305
411,47.550494843543234,-122.32028119137424,101,2.68,1.066135115034427,41.69051612903228
412,47.69006282312808,-122.26334014216091,19,2.75,1.1438984015069384,42.30620689655173
413,47.53325878929491,-122.3883034521244,29,3.3636363636363638,1.120372065449682,60.41791836734695
414,47.6123769064071,-122.31328507534926,305,3.535031847133758,1.027276342582689,26.832269449715408
415,47.69582191817121,-122.348070744627,112,3.2583333333333333,1.0296528266896046,42.00013483146065
416,47.65445848917426,-122.30396350986967,396,2.8333333333333335,1.038758360723067,21.493882265275715
417,47.50867272503101,-122.38916630058436,15,2.9411764705882355,1.0251642957702856,85.29515
418,47.56828057465024,-122.34569463172392,20,2.7037037037037037,1.0044425443968252,28.088727272727272
419,47.55703802132367,-122.37588892634628,131,3.0719424460431655,1.0802401046267676,35.72920100502513
420,47.54343136951221,-122.3419230815741,12,2.7142857142857144,1.0355510160832793,56.89731250000001
421,47.61132043726828,-122.27039021679644,0,0.0,0.0,0.0
422,47.621217719898766,-122.37457289068882,0,0.0,0.0,0.0
423,47.52849805256817,-122.3392262900449,10,2.3529411764705883,1.0353133691264296,60.783937500000015
424,47.61196248739836,-122.25001601782276,0,0.0,0.0,0.0
425,47.694719799528926,-122.26827154180322,4,2.142857142857143,1.0007511500823714,30.894166666666667
426,47.56323149517818,-122.29194426012718,200,3.3768115942028984,1.0278938966569018,29.069332317073165
427,47.513809538725525,-122.40240725173452,0,0.0,0.0,0.0
428,47.55934095239878,-122.26680931359424,31,2.923076923076923,1.0286868046456004,77.51332653061222
429,47.56217141657956,-122.40584884315616,29,2.764705882352941,1.0744158581970793,68.91121951219512
430,47.70150002922079,-122.33999269521668,179,3.1804123711340204,1.0495331330031668,31.924357142857136
431,47.517659909473046,-122.3612290192686,52,3.016949152542373,1.0356261896281955,61.690907894736846
432,47.59718368743466,-122.4320893365008,0,0.0,0.0,0.0
433,47.57107974367126,-122.24822087922216,0,0.0,0.0,0.0
434,47.68109316410574,-122.32772623857088,136,3.0,1.035093157902539,32.68785581395347
435,47.56088584035932,-122.3826122223869,248,3.2574626865671643,1.0503757000058653,29.613612590799047
436,47.54530507262068,-122.3840343819394,62,3.056338028169014,1.0604562699459898,55.79408510638303
437,47.64190388640687,-122.37826647640608,85,2.765765765765766,1.0433375863886267,31.25136363636362
438,47.52189667615241,-122.27172171909858,159,3.0944444444444446,1.0409333221073787,31.597496240601508
439,47.51095006893611,-122.30136054961127,28,2.710526315789474,1.1180584396442925,66.3117272727273
440,47.517186834866,-122.42622902974313,0,0.0,0.0,0.0
441,47.644812967062215,-122.30921590839046,46,2.7704918032786887,1.129471670455939,30.339901234567893
442,47.60098458653907,-122.28529629571328,54,2.426829268292683,1.1162845279944005,42.28793478260869
443,47.5214273857165,-122.261458332576,90,2.8275862068965516,1.0829023664949216,31.199474025974016
444,47.55022162069047,-122.26990398841924,41,2.8823529411764706,1.007077289511225,71.83738461538458
445,47.64392442143333,-122.40443058644794,36,2.7142857142857144,1.0297386883637265,65.94540350877193
446,47.54346145618213,-122.24962702021097,0,0.0,0.0,0.0
447,47.65756764020426,-122.27920263788148,45,3.0833333333333335,1.0324778048447933,77.82095161290322
448,47.59523590097941,-122.33681891238572,20,3.3,1.0126003925035298,43.49907407407408
449,47.62112362959626,-122.2370631434506,38,2.68,1.0215118952626727,55.735719298245606
450,47.54881388404913,-122.33176124558186,60,2.632911392405063,1.112942902768776,46.646402173913046
451,47.5337910207178,-122.28695631907571,65,2.6129032258064515,1.022284456324275,41.73698165137615
452,47.536253397192944,-122.43331726576976,0,0.0,0.0,0.0
453,47.68408355508851,-122.26984037735949,26,2.2325581395348837,1.0340321991693056,30.648340909090905
454,47.51844191604292,-122.23923469514948,0,0.0,0.0,0.0
455,47.59392544105816,-122.2741983545129,0,0.0,0.0,0.0
456,47.61660455988043,-122.36057220799756,12,2.4444444444444446,1.0082106073202297,18.813823529411764
457,47.69471065373065,-122.3794344154722,49,2.7586206896551726,1.07916849033166,49.808115942028984
458,47.56941828521232,-122.295087405106,55,2.3950617283950617,1.0530307187267647,49.5941573033708
459,47.53050480196816,-122.33048021694414,23,2.9166666666666665,1.522315878891035,80.09318749999997
460,47.59912468273046,-122.25513371644426,0,0.0,0.0,0.0
461,47.67467675693515,-122.42855067518944,0,0.0,0.0,0.0
462,47.54732098912225,-122.4317239721869,0,0.0,0.0,0.0
463,47.5120730062636,-122.38524264456944,30,3.6333333333333333,1.000773167843258,106.0402888888889
464,47.61236926014295,-122.32773574748104,260,3.3862815884476536,1.0181219699756512,25.52884965831435
465,47.60072555630652,-122.34038820207596,15,2.7222222222222223,1.1032534493353037,46.85095
466,47.65224134823887,-122.35514428418556,200,3.1900452488687785,1.0567779454845168,33.13398511904762
467,47.62813290001362,-122.3575237619202,56,2.857142857142857,1.0350744880484999,53.700160919540224
468,47.63449873181819,-122.24968420887076,0,0.0,0.0,0.0
469,47.65571536779991,-122.42244472761033,29,2.96875,1.026484597529173,32.09990243902439
470,47.586530192850944,-122.34802626260785,12,2.4705882352941178,1.0669432104671974,31.748299999999993
471,47.65853720631054,-122.25645365724776,0,0.0,0.0,0.0
472,47.58752461304974,-122.42299590797288,0,0.0,0.0,0.0
473,47.548315372714896,-122.3188001031782,151,2.82122905027933,1.0836132167814514,32.67998312236287
474,47.617153460786994,-122.40945108522972,0,0.0,0.0,0.0
475,47.59482817359504,-122.3375984229854,16,3.411764705882353,1.0143009962969423,97.86054166666669
476,47.6402988924119,-122.28557479969672,23,2.236842105263158,1.0439304460109664,45.395
477,47.62904273209208,-122.2863744720765,33,3.0555555555555554,1.0023326355607936,75.4678085106383
478,47.551527858739526,-122.3437805699755,17,2.4615384615384617,1.3080085739781384,81.80706896551725
479,47.549327610096405,-122.29076064220168,53,2.9682539682539684,1.110571482560338,45.325881578947346
480,47.630906828345495,-122.27213499023368,0,0.0,0.0,0.0
481,47.68605417980639,-122.36681551979012,28,3.4642857142857144,1.0014673148273463,64.8691388888889
482,47.59846151665224,-122.25608462988488,0,0.0,0.0,0.0
483,47.56270170345716,-122.3475793228779,3,2.2,1.1711268435456441,54.055749999999996
484,47.58243100411194,-122.433790164032,0,0.0,0.0,0.0
485,47.69735048349358,-122.3353915761375,163,3.310344827586207,1.0152904807661753,34.47403370786518
486,47.55149429343194,-122.24189084905136,0,0.0,0.0,0.0
487,47.649731122567545,-122.27687499478505,18,2.2580645161290325,1.1971454201638456,54.53127272727272
488,47.52259878664872,-122.37899767874876,67,3.039473684210526,1.0146673426404527,59.2580285714286
489,47.615314860871386,-122.33038742926398,266,3.2421052631578946,1.025068559223858,24.675616822429895
490,47.61027677231071,-122.25832743635348,0,0.0,0.0,0.0
491,47.69564772043487,-122.42613403879449,0,0.0,0.0,0.0
492,47.65238782423639,-122.29375398998168,7,2.4,1.1164415335256463,48.44818181818182
493,47.666357194603314,-122.31166392625836,342,3.4735376044568245,1.0067139985359659,26.156915254237315
494,47.5148667207466,-122.37984407747363,33,2.5306122448979593,1.0031862762964847,70.33827272727271
495,47.561239955149176,-122.39297238002344,39,3.409090909090909,1.0116480638450007,82.70559677419355
496,47.58923026936348,-122.23663669411016,106,2.6575342465753424,1.0465851759281244,28.041522471910117
497,47.57277556251099,-122.35652360807984,21,2.7333333333333334,1.048400866967092,30.03257894736842
498,47.58816937990631,-122.27235979351774,0,0.0,0.0,0.0
499,47.6708431120686,-122.3185080581687,247,3.365019011406844,1.0144459407208624,29.32746172248805
500,47.52980277622471,-122.33080365627818,35,2.972972972972973,1.3445552984345912,88.93245098039215
501,47.65034681670957,-122.25754272350947,0,0.0,0.0,0.0
502,47.52502254394986,-122.37335843508828,53,3.314814814814815,1.0085862459921013,70.83423076923079
503,47.67826560704563,-122.34930570020413,200,3.5643564356435644,1.0061051735907864,36.31393636363641
504,47.59963753223783,-122.29084035285318,77,2.814432989690722,1.0802767321260627,53.29904800000001
505,47.58016867975093,-122.34618444812271,3,3.0,1.0000084831028755,45.234
506,47.631771882260445,-122.29915017455428,85,2.8446601941747574,1.0299722461015999,43.092320610687025
507,47.69605588756246,-122.28807281959358,42,2.8,1.0812903511327572,64.01438095238098
508,47.64887083040664,-122.38689474145777,66,2.8369565217391304,1.0174083106325416,40.24407627118643
509,47.66828462232933,-122.2922362841122,39,2.978723404255319,1.016398023377868,78.2776721311475
510,47.58956376821991,-122.35533118231945,0,0.0,0.0,0.0
511,47.58786319523142,-122.407701247741,0,0.0,0.0,0.0
512,47.5377974463916,-122.2916023933818,76,2.702970297029703,1.0529246741613798,43.22342063492065
513,47.61750406935633,-122.3507177795056,416,3.3655172413793104,1.0462153345176455,22.72317221418235
514,47.530957060356975,-122.41125897036356,0,0.0,0.0,0.0
515,47.63293049624429,-122.2469211041874,0,0.0,0.0,0.0
516,47.59474536978561,-122.26469032089764,0,0.0,0.0,0.0
517,47.56227228454579,-122.37645380670526,216,3.1914893617021276,1.0307523268010579,25.60624649859944
518,47.5617010897419,-122.25345425898628,3,3.0,1.1274357192438642,170.35399999999998
519,47.58304205568951,-122.2748365611677,0,0.0,0.0,0.0
520,47.51368140852181,-122.29538704461334,65,2.6,1.1526819767707779,47.41669999999997
521,47.58971519960336,-122.3606674904734,0,0.0,0.0,0.0
522,47.512630897631695,-122.32462524460668,18,2.608695652173913,1.4273521913058822,89.62467857142857
523,47.61769714725631,-122.41075622912363,0,0.0,0.0,0.0
524,47.66551495300333,-122.26521599208915,33,2.8292682926829267,1.0601227014710322,37.86749999999999
525,47.583094460153774,-122.3410000602664,18,3.1052631578947367,1.1506119154796552,102.76004166666668
526,47.56836807313773,-122.3964223735996,36,3.225,1.0047754507330662,90.4094905660377
527,47.70625865803464,-122.36342716291944,10,2.9166666666666665,1.0800899394583232,103.48553846153845
528,47.659518862727694,-122.29826050744016,193,3.1435406698564594,1.0426369558363557,30.68524183006537
529,47.642088109523925,-122.337167728833,0,0.0,0.0,0.0
530,47.51556292231016,-122.2360709734106,0,0.0,0.0,0.0
531,47.62989513859998,-122.2815410925506,55,2.7971014492753623,1.026119189443838,54.55824137931035
532,47.56691889514168,-122.34655523463626,3,2.2,1.0245685866918295,38.924499999999995
533,47.52232837729063,-122.40055816634218,0,0.0,0.0,0.0
534,47.517840594386485,-122.39519486835972,19,2.3870967741935485,1.112580728831613,56.72960606060605
535,47.570029037308224,-122.33087331445245,73,3.0697674418604652,1.068482355228547,44.034647058823516
536,47.54238729780136,-122.42352060045866,0,0.0,0.0,0.0
537,47.65847070451856,-122.24732270325234,0,0.0,0.0,0.0
538,47.660240492359534,-122.39927013808466,67,2.423076923076923,1.13204177860897,38.52484999999999
539,47.69083974896051,-122.3245681966676,41,2.6724137931034484,1.0186272887824301,61.230000000000004
540,47.66776756981351,-122.32290538589923,62,3.25,1.02601744081511,23.605405940594064
541,47.62616487267154,-122.2724908717582,0,0.0,0.0,0.0
542,47.66677804981859,-122.26558220896592,44,2.8035714285714284,1.0752106667650136,65.51260810810813
543,47.600487362858416,-122.2769972623247,0,0.0,0.0,0.0
544,47.68717400365868,-122.38377857527126,60,3.5166666666666666,1.0025766578309347,77.46137078651682
545,47.69632515285545,-122.42026397604576,0,0.0,0.0,0.0
546,47.62790766814628,-122.28304974647556,58,2.58974358974359,1.0545753915522702,49.9076195652174
547,47.52728206928368,-122.24226402705396,0,0.0,0.0,0.0
548,47.56232909324021,-122.35031809040906,35,2.6222222222222222,1.1996405953693214,50.04015789473684
549,47.60440607003218,-122.28810793945962,63,2.40625,1.0834430293692918,41.83899999999999
550,47.61681641688531,-122.32870614486092,251,3.210909090909091,1.0140636992349266,25.355142512077286
551,47.64254145940108,-122.36552476897135,50,3.0526315789473686,1.0891217633517063,60.48714666666665
552,47.5919094502689,-122.32673908252592,129,2.9934210526315788,1.063271899424095,36.872251184834106
553,47.65197833841695,-122.37583694277302,113,2.927536231884058,1.0306509849448344,45.95156830601092
554,47.66212441210612,-122.4165960573602,64,3.072463768115942,1.039127487757389,45.00882608695653
555,47.61459821026937,-122.36520932125973,0,0.0,0.0,0.0
556,47.62661358309986,-122.26408499935307,0,0.0,0.0,0.0
557,47.54230211035657,-122.41103502787315,0,0.0,0.0,0.0
558,47.59158802230183,-122.33149783743268,109,3.1311475409836067,1.0691698609860072,41.00015254237288
559,47.55252709113663,-122.30401599583205,62,2.7625,1.0391312424496562,52.435660000000034
560,47.68445555347916,-122.34752647393812,261,3.5886792452830187,1.0040667694107637,32.30913677130044
561,47.511161963845815,-122.23846832151447,8,2.5454545454545454,1.0498784260649745,88.7758
562,47.65747913273732,-122.41695901428692,97,3.3434343434343434,1.0149303416153745,39.81346357615896
563,47.55293874020583,-122.340022439421,7,2.7,1.4503187896139114,64.386
564,47.615227534107056,-122.3819732491979,0,0.0,0.0,0.0
565,47.5370679006979,-122.4180744579558,0,0.0,0.0,0.0
566,47.590047214428665,-122.41376577961351,0,0.0,0.0,0.0
567,47.52440142662044,-122.32382729988322,126,3.12,1.0354014882406648,32.323509259259275
568,47.55662541383979,-122.31933124047598,35,2.926829268292683,1.033572199817311,50.17156603773587
569,47.55603860063129,-122.27812267376191,54,2.7903225806451615,1.0176481181308565,53.171805194805195
570,47.59865388206879,-122.35813903385902,0,0.0,0.0,0.0
571,47.6285052078464,-122.27204797311876,0,0.0,0.0,0.0
572,47.65845207001277,-122.31517512712549,421,3.259023354564756,1.0216266239918306,22.78789687924018
573,47.65506510360555,-122.32267731422122,256,3.006514657980456,1.0342611516059848,21.763931818181796
574,47.69141231971484,-122.40029543391282,61,2.710526315789474,1.047953596860967,51.662511363636355
575,47.58697907826438,-122.30580904206198,263,3.2249134948096887,1.1100217204136977,26.377167048054925
576,47.68238911626682,-122.31992034313085,64,2.740740740740741,1.0372351913467204,38.48261764705883
577,47.6686994319718,-122.3756538683102,441,3.325,1.033862878907952,22.808376146788998
578,47.60125924612996,-122.37539663940652,0,0.0,0.0,0.0
579,47.61314748923215,-122.3428195427474,341,3.3812154696132595,1.0116230208038373,23.720973684210495
580,47.56552362742239,-122.35570443171903,43,3.130434782608696,1.0752766593812797,34.56325
581,47.680231554089765,-122.40281825684173,39,2.7169811320754715,1.01589456803858,49.12066666666666
582,47.64973920594521,-122.41358713891974,24,2.1707317073170733,1.0526611770138985,26.640125
583,47.63099061541503,-122.34632449708116,106,2.8095238095238093,1.0974715375451827,42.99993788819875
584,47.5569171294613,-122.27717113119547,42,2.7450980392156863,1.0035222601135445,52.98090476190476
585,47.51122983340463,-122.2653274103091,17,2.8,1.4129084283676898,79.07403999999998
586,47.54944799135069,-122.30035803113964,56,2.955223880597015,1.0457478828999205,49.917294117647074
587,47.59302691235777,-122.26601505308614,0,0.0,0.0,0.0
588,47.54340093504229,-122.3124864367854,14,2.9375,1.0853876141866816,62.65542857142858
589,47.54502398450263,-122.25070302339138,0,0.0,0.0,0.0
590,47.66051777093388,-122.42248668915424,25,3.1153846153846154,1.076153030512286,50.280580645161294
591,47.69166236582635,-122.2544891184876,0,0.0,0.0,0.0
592,47.55904608419906,-122.42060107335654,0,0.0,0.0,0.0
593,47.55365768346465,-122.30600127770268,26,2.8285714285714287,1.0745913669512144,72.72941025641025
594,47.60764491794959,-122.42195562010396,0,0.0,0.0,0.0
595,47.61037103036165,-122.28404569109108,74,3.1025641025641026,1.059275640511913,47.659990654205586
596,47.59425478241724,-122.3975048711762,0,0.0,0.0,0.0
597,47.50958136953575,-122.36004296824488,31,2.5681818181818183,1.0100926438971027,60.72519565217393
598,47.56897599346501,-122.325463243857,93,2.8636363636363638,1.0866179610475875,42.83532167832169
599,47.52798336498315,-122.25419407339096,0,0.0,0.0,0.0
600,47.69362574828424,-122.43472741747075,0,0.0,0.0,0.0
601,47.69988868379234,-122.40373702982532,0,0.0,0.0,0.0
602,47.60713957800424,-122.42931609398325,0,0.0,0.0,0.0
603,47.55786234676878,-122.28932059849411,158,3.1314285714285712,1.0391976926909456,32.11520800000001
604,47.66933068593393,-122.39861503232802,166,3.082901554404145,1.104140842976778,39.84367259786478
605,47.64811085610455,-122.2410898758371,0,0.0,0.0,0.0
606,47.58706055094011,-122.2429021256504,32,2.511111111111111,1.0210553170417533,85.19417021276594
607,47.53353592402076,-122.40282986573388,0,0.0,0.0,0.0
608,47.55775183185758,-122.29839747497986,100,2.8828125,1.1998029498361895,53.04574566473991
609,47.63764349381195,-122.27988123707227,63,3.142857142857143,1.0205510903988504,45.783893617021285
610,47.60543689716723,-122.40352084983292,0,0.0,0.0,0.0
611,47.69103595718922,-122.27884454216576,4,2.125,1.0602407636764513,38.047875
612,47.5961949076675,-122.35658068803508,0,0.0,0.0,0.0
613,47.53361729714759,-122.40955240311456,0,0.0,0.0,0.0
614,47.57749040381374,-122.40988275893508,77,2.752577319587629,1.0107448243805532,48.45648333333332
615,47.64142923976608,-122.28833665248914,5,2.111111111111111,1.016749113755211,41.987750000000005
616,47.58167557182163,-122.28067314732031,0,0.0,0.0,0.0
617,47.52933444135658,-122.32288446511274,42,2.689655172413793,1.0146273778462584,64.69946376811595
618,47.69436349796532,-122.37334846967345,95,2.909090909090909,1.0780484729126523,38.16883916083917
619,47.53338417471419,-122.34653180041616,35,2.8333333333333335,1.0563152480091849,65.27674999999998
620,47.6931308926674,-122.41073983214166,0,0.0,0.0,0.0
621,47.670447283500096,-122.26847132307148,47,2.7586206896551726,1.0632759282983621,58.86722535211267
622,47.58877342654674,-122.4009010975791,0,0.0,0.0,0.0
623,47.55302232424616,-122.25028782775787,10,2.75,1.0686480252464479,109.76550000000002
624,47.547712986178034,-122.37355786641773,239,3.033333333333333,1.0862773353016655,27.236631443298965
625,47.65243395893567,-122.2873686661146,0,0.0,0.0,0.0
626,47.58887243915829,-122.41066294344589,0,0.0,0.0,0.0
627,47.62756468279933,-122.4298454765259,0,0.0,0.0,0.0
628,47.59913447726092,-122.26688863637796,0,0.0,0.0,0.0
629,47.67924226779148,-122.4247046454162,0,0.0,0.0,0.0
630,47.51264358777908,-122.32561520844344,16,2.5714285714285716,1.3163839352206805,74.16230434782611
631,47.68542548591228,-122.30123154642594,186,3.205,1.0668328956044626,28.901386138613887
632,47.661658980564766,-122.28924667477594,152,2.9502762430939224,1.0532222827273785,32.871400809716604
633,47.69985243562911,-122.37313745360198,35,2.8292682926829267,1.0077944279403008,62.25185416666665
634,47.59851260811653,-122.34174079354146,2,3.0,0.9999925803487401,53.561
635,47.54666913919427,-122.26348142935042,23,2.7857142857142856,1.022237673437088,82.46496874999998
636,47.66543433630813,-122.28529754187544,97,2.6796875,1.0675879403743822,40.82030128205132
637,47.69321900640225,-122.39521684031888,14,2.3333333333333335,1.0040146914602053,64.53013636363636
638,47.65418390977275,-122.418458279008,37,3.210526315789474,1.0176025490805778,33.70807272727273
639,47.587323983111546,-122.3083044157398,225,3.342857142857143,1.128704447521167,29.00734263959388
640,47.51718932438271,-122.30464721592688,45,2.86,1.1374864961836695,51.11204477611942
641,47.549262227467736,-122.4176120391212,0,0.0,0.0,0.0
642,47.66797394252846,-122.31555858421557,309,3.532710280373832,1.0069159013215352,24.716548872180464
643,47.60792216936122,-122.29988912618734,142,3.0,1.042528907868449,34.587960352422925
644,47.69866042412984,-122.31216246330403,53,2.9206349206349205,1.0044413003799284,59.155341463414636
645,47.526574388135735,-122.34786631432138,76,3.0602409638554215,1.0442880582072673,46.95572321428572
646,47.70501379857048,-122.24757676922871,3,2.2,1.0382641764715632,71.7605
647,47.53651133988054,-122.30340348533583,36,2.95,1.0839686268290392,35.22429824561402
648,47.66846159098672,-122.288646235332,49,2.9047619047619047,1.012340387336736,65.29768749999998
649,47.6323793190784,-122.3935205000766,175,2.8706896551724137,1.0185221970700267,23.567342767295596
650,47.64977383758093,-122.31089763664342,139,2.6614583333333335,1.0383673723503721,20.512939024390256
651,47.60510369468104,-122.25066358926072,0,0.0,0.0,0.0
652,47.58878832352805,-122.36767454444023,0,0.0,0.0,0.0
653,47.58829709338132,-122.39429663783444,9,3.2,1.0170009656626848,152.97960000000003
654,47.5905761207478,-122.42950501890346,0,0.0,0.0,0.0
655,47.54830384587644,-122.39758753287607,12,2.7333333333333334,1.040883460623717,83.4139411764706
656,47.70043715922184,-122.30567108002734,35,2.5510204081632653,1.064701685356804,51.69941818181819
657,47.55321353991725,-122.42905879466414,0,0.0,0.0,0.0
658,47.62375994167128,-122.32357548193706,159,3.335294117647059,1.065432402326673,31.525938931297723
659,47.64248211120076,-122.32106310145336,184,3.2892156862745097,1.0182543514450533,27.60128431372551
660,47.67447020958312,-122.25857230181444,64,2.769230769230769,1.1379159594716393,42.51487878787877
661,47.5858314909874,-122.34406884703245,8,3.375,1.023654933515859,130.753
662,47.70492592236791,-122.28151562445684,32,2.4583333333333335,1.0368799849998291,60.68009615384615
663,47.65978179576789,-122.31309285113768,352,3.139705882352941,1.029710182151186,22.842580592105254
664,47.51587313052888,-122.32734094130036,27,2.588235294117647,1.3954393322342884,52.16536585365853
665,47.53344328191575,-122.41330268232268,0,0.0,0.0,0.0
666,47.62034971609922,-122.30730146772522,83,3.043010752688172,1.0311517567513573,44.9155634920635
667,47.5816300639054,-122.42422752844364,0,0.0,0.0,0.0
668,47.52763002831067,-122.3750065828061,31,3.142857142857143,1.0047180700709366,66.03202380952384
669,47.63437700069095,-122.297604295061,38,2.6122448979591835,1.0304927176280718,44.033875
670,47.55577512130724,-122.33235180376396,89,2.90990990990991,1.0225687635239467,44.37641333333334
671,47.56364246100922,-122.40125042317048,12,2.764705882352941,1.0538712416176634,115.34317647058825
672,47.53208985603049,-122.33775303336576,48,2.462686567164179,1.2233288204384483,60.240419753086435
673,47.68392289544598,-122.35904463456518,168,3.0923076923076924,1.032191186848589,28.759329749103955
674,47.66740918714555,-122.3107123527732,291,3.5328947368421053,1.0048215766329784,24.29284356435646
675,47.60096411864759,-122.32326499138948,273,3.197324414715719,1.0537948403078523,22.804585201793714
676,47.683299419227325,-122.30466560711184,53,3.1724137931034484,1.0024159340632952,65.39602631578947
677,47.65202293432552,-122.38142795308468,14,3.0,1.000627492959161,79.39333333333335
678,47.611772552743794,-122.37706076804156,0,0.0,0.0,0.0
679,47.560527331413205,-122.3360873013061,41,3.022222222222222,1.0189710563691396,38.99310169491526
680,47.54640385516339,-122.25040506283143,0,0.0,0.0,0.0
681,47.69793071956914,-122.42765110181357,0,0.0,0.0,0.0
682,47.51819696742103,-122.2918733476574,7,2.272727272727273,1.0833456555295102,37.533699999999996
683,47.66533887913109,-122.32925199238304,63,3.074626865671642,1.0287711280452332,47.18107865168538
684,47.59944350160724,-122.27771085333394,0,0.0,0.0,0.0
685,47.6156835025752,-122.24954021848347,0,0.0,0.0,0.0
686,47.67650175308366,-122.36471631098728,113,3.04,1.044542232450164,26.97969142857143
687,47.51765598594436,-122.431718716747,0,0.0,0.0,0.0
688,47.594365004016176,-122.31493943247884,59,3.121212121212121,1.122796916700459,33.98995789473685
689,47.5558401442514,-122.25200562923492,10,3.0,1.0650625645756802,92.9140909090909
690,47.656183716538486,-122.37638111865742,48,2.661290322580645,1.32066792121775,46.94388888888888
691,47.617772327143726,-122.40041799597448,0,0.0,0.0,0.0
692,47.60584996053447,-122.30781522292595,106,3.3783783783783785,1.0568012436681538,40.82133529411768
693,47.59120854288005,-122.26695552263467,0,0.0,0.0,0.0
694,47.57601953146444,-122.3159240264656,197,3.6439024390243904,1.0069894192550948,26.72275842696628
695,47.67844003732695,-122.42314108373172,0,0.0,0.0,0.0
696,47.59685508778945,-122.3215182733557,231,3.097826086956522,1.0142307834847293,24.583416873449124
697,47.58107047735821,-122.28701598936236,38,2.9285714285714284,1.1315206562242601,68.91913207547171
698,47.53616462938368,-122.35623415059904,82,2.979591836734694,1.0265697543504528,41.282856060606065
699,47.56596075468274,-122.26974067259953,30,2.627906976744186,1.0722776125402438,62.11879999999999
700,47.5513927027452,-122.33033313750248,100,2.824,1.0407760540431517,38.85448170731707
701,47.65904449917892,-122.31833331433234,303,3.3251533742331287,1.0241390723194328,27.766496124030997
702,47.60091444855991,-122.26674919588017,0,0.0,0.0,0.0
703,47.60963842317476,-122.31926116635,266,3.1266233766233764,1.0276551150567397,24.379872197309464
704,47.64341166339266,-122.42653046898224,0,0.0,0.0,0.0
705,47.522593573308185,-122.28996667956456,8,2.0625,1.0461828657953263,65.53160000000001
706,47.629333347222094,-122.41047162849846,0,0.0,0.0,0.0
707,47.61393895623125,-122.29925848873285,80,3.308641975308642,1.0146277147606253,44.87565811965817
708,47.589407544186464,-122.41159489615278,0,0.0,0.0,0.0
709,47.64977985449124,-122.24480879895566,0,0.0,0.0,0.0
710,47.60344405767079,-122.2417700342818,0,0.0,0.0,0.0
711,47.6291845646396,-122.29384442208868,52,2.8833333333333333,1.1917415552472432,43.20896202531647
712,47.62663628302593,-122.299215464787,88,2.4806201550387597,1.0049029357097827,37.00781632653062
713,47.6320497329187,-122.36643373807044,111,3.4285714285714284,1.0029925744566142,47.63026256983244
714,47.675584844605176,-122.31588371785062,136,2.919753086419753,1.051534903704687,33.6065990990991
715,47.70317569048065,-122.24261428182425,32,2.306122448979592,1.0209902028727078,52.15324489795916
716,47.62531324082982,-122.34018046233676,315,3.3273273273273274,1.0383057603967991,28.42238857142857
717,47.67104242042719,-122.23934403966857,0,0.0,0.0,0.0
718,47.70406102932409,-122.30196327264647,49,2.514705882352941,1.059126032441644,51.17713750000003
719,47.627399062005225,-122.39916924696604,0,0.0,0.0,0.0
720,47.58984340876133,-122.3096489571015,96,3.1944444444444446,1.220919985492364,31.503186335403715
721,47.66822285184204,-122.30579237162068,253,3.385767790262172,1.0305469465724169,29.76781861575178
722,47.63949373555226,-122.30301120889683,205,3.4952830188679247,1.0213522748722565,30.107653061224504
723,47.511474720664985,-122.28217050876592,16,2.736842105263158,1.0831070447982107,63.21504545454545
724,47.66896463001753,-122.33016821686934,106,3.373913043478261,1.0277458070872354,43.96100574712643
725,47.6043059939946,-122.24601479834244,0,0.0,0.0,0.0
726,47.55385999770948,-122.24291115049652,0,0.0,0.0,0.0
727,47.69018001048349,-122.25099071854174,0,0.0,0.0,0.0
728,47.70720415822802,-122.29979754458496,53,2.5316455696202533,1.0620319775625906,32.6586105263158
729,47.66935159901991,-122.3468200413948,31,2.942857142857143,1.0417284388187877,68.41151162790698
730,47.65336154028111,-122.370373973257,75,2.712871287128713,1.0383181379559396,55.95858536585367
731,47.70260969637781,-122.24374095351308,18,2.161290322580645,1.0548286187407996,72.21925806451611
732,47.539647507884766,-122.30921575574511,8,2.7,1.0381521062997296,49.61654545454546
733,47.69579937332441,-122.28891981341852,41,2.7551020408163267,1.1469026443034762,51.99203278688526
734,47.525561456304935,-122.26415161609508,33,2.627906976744186,1.0786314235688392,68.39504166666667
735,47.69945809493364,-122.4039349794297,0,0.0,0.0,0.0
736,47.67905328333021,-122.36550463848404,71,3.0933333333333333,1.025160367103488,36.26370476190474
737,47.68386111829053,-122.39900106364344,45,3.1914893617021276,1.0134140056377967,67.07708823529411
738,47.59929599757065,-122.30576147974796,216,3.1867219917012446,1.0392138406904528,28.81048066298342
739,47.5930380587479,-122.29226324731071,110,3.114503816793893,1.005053364110097,39.9561808510638
740,47.63838503845816,-122.37042722642948,53,2.7971014492753623,1.1444490254865396,61.36854761904764
741,47.69104861641915,-122.32115117748646,57,2.6666666666666665,1.020566123145455,47.662193181818175
742,47.52633248851127,-122.26693675806024,85,2.9134615384615383,1.035671521457292,49.11974264705885
743,47.539792228444135,-122.26160091395911,25,2.6363636363636362,1.1723178124685634,54.36158974358974
744,47.66599374644533,-122.37095773332229,313,3.320113314447592,1.0135006971187932,23.20067741935484
745,47.60870913859299,-122.3155721031068,238,3.3035019455252916,1.0136751107159707,27.02230075187972
746,47.54755318453379,-122.27061317518766,42,2.508771929824561,1.0675224916736747,58.22032786885246
747,47.60381545578002,-122.36069698194198,0,0.0,0.0,0.0
748,47.55450943914279,-122.2376184332288,0,0.0,0.0,0.0
749,47.51946038313704,-122.26361820665234,133,3.0866666666666664,1.1225203671247577,30.008066350710898
750,47.636838458606846,-122.4280848342692,0,0.0,0.0,0.0
751,47.57954227176649,-122.32040835518475,64,2.8933333333333335,1.0955101209404314,44.76327722772277
752,47.61978625967102,-122.2525321292268,0,0.0,0.0,0.0
753,47.525579088218805,-122.25521481560936,0,0.0,0.0,0.0
754,47.52994790383907,-122.38135689347467,25,3.4,1.002720135332737,73.73448387096774
755,47.57605760620276,-122.37393711442245,17,3.5555555555555554,1.0080321259173595,31.457192307692306
756,47.51929525208984,-122.25993094302792,111,3.0,1.067651147666995,34.75898882681564
757,47.58943552314071,-122.34341492082334,42,2.6607142857142856,1.1366595876918577,30.137859154929572
758,47.64615019450098,-122.28632176843917,0,0.0,0.0,0.0
759,47.683512189906295,-122.25654948829153,82,3.0,1.0864412237389551,38.0925593220339
760,47.59692089612816,-122.32557102003024,470,3.3366533864541834,1.0326161720656148,22.34194567901236
761,47.614179552743416,-122.32925515990964,242,3.2193308550185873,1.0145032049381753,25.808055137844608
762,47.56130172128628,-122.39152302345248,47,3.259259259259259,1.0133573240343947,70.81055555555558
763,47.57813706766586,-122.27968578564234,0,0.0,0.0,0.0
764,47.56667219654109,-122.32457058364557,104,2.9596774193548385,1.0617962953275457,40.27457894736842
765,47.61305243253571,-122.41776008281722,0,0.0,0.0,0.0
766,47.571484686267375,-122.43430099280422,0,0.0,0.0,0.0
767,47.54341316884623,-122.25757761702484,11,2.2222222222222223,1.022404263513149,45.06488888888889
768,47.6500989524937,-122.27393828425376,4,2.5,1.5707074200771998,65.858
769,47.52587495218142,-122.25437591004312,0,0.0,0.0,0.0
770,47.66428780241932,-122.23813499324396,0,0.0,0.0,0.0
771,47.58668942437172,-122.24937676134005,25,2.875,1.1239465852274024,74.94038888888889
772,47.55888772323553,-122.29498262448128,92,2.919642857142857,1.0442920203647474,43.15936111111111
773,47.65312732284308,-122.39769347368004,50,3.1454545454545455,1.0107899662404998,53.93246575342469
774,47.55341300920077,-122.32379617196136,95,2.8947368421052633,1.0936036549675965,37.38364052287582
775,47.657396428694696,-122.2789256061588,49,3.1153846153846154,1.0294272652800476,76.94681159420288
776,47.58268582445167,-122.4061945462193,25,2.9615384615384617,1.001676450943461,32.93328125
777,47.51717106597504,-122.24723043561586,0,0.0,0.0,0.0
778,47.52386130197993,-122.3927481925759,117,3.1037037037037036,1.0194679787843235,28.025698979591816
779,47.57480823610471,-122.27288344943292,0,0.0,0.0,0.0
780,47.68406584426762,-122.41673813992468,0,0.0,0.0,0.0
781,47.69526783959115,-122.2997916442746,19,3.0952380952380953,1.0055058574927935,66.17660000000002
782,47.69788696272018,-122.42539259340946,0,0.0,0.0,0.0
783,47.59786301303441,-122.32263939924452,378,3.260047281323877,1.0328500254773059,21.693473604826544
784,47.632864712281176,-122.39638683476169,117,3.293233082706767,1.0262039282765407,30.27633173076923
785,47.51485368869336,-122.30236372363656,63,2.911764705882353,1.0808173561197816,44.49823333333334
786,47.54338958051014,-122.40814299037008,0,0.0,0.0,0.0
787,47.53070816938169,-122.38057555048316,29,3.310344827586207,1.0022538992783072,74.50194594594596
788,47.51786370330412,-122.28779196148432,17,2.392857142857143,1.0573504329471481,55.51253333333332
789,47.59415175945019,-122.38663849570284,36,2.4150943396226414,1.1519766905477278,54.98412068965517
790,47.64597326391765,-122.41415051815471,26,2.4210526315789473,1.0809863540706588,59.55164285714285
791,47.62905746276033,-122.34520445393272,66,2.9864864864864864,1.0885918315989866,45.613828282828294
792,47.64464165124146,-122.36726357725188,66,2.891891891891892,1.1473564342848677,58.24660416666666
793,47.55939744345438,-122.33068078945148,18,2.8095238095238093,1.216116426892722,65.47666666666667
794,47.61841258710879,-122.402718881465,0,0.0,0.0,0.0
795,47.61713127079285,-122.4053152733001,0,0.0,0.0,0.0
796,47.66156743058743,-122.31303793327304,391,3.19954128440367,1.0625425554799395,23.49297285067871
797,47.55987178461324,-122.37693461803858,146,3.1419753086419755,1.0343443581802756,32.76532340425533
798,47.53083609743137,-122.2364352197175,17,2.1333333333333333,1.1630354674755146,60.429733333333346
799,47.559596100327546,-122.30226525278248,131,3.2534246575342465,1.144540081708205,43.16513824884793
800,47.63310151941853,-122.24777804998618,0,0.0,0.0,0.0
801,47.57403386927435,-122.27945103422728,7,3.142857142857143,1.0094017733109406,88.75842857142857
802,47.54669527459125,-122.29640705425663,33,2.574468085106383,1.034187169298445,56.45230188679246
803,47.51293020839839,-122.43505082746968,0,0.0,0.0,0.0
804,47.68847214118785,-122.284964215024,35,2.9743589743589745,1.0242575970423096,76.41629411764706
805,47.510266039406126,-122.37117463263117,43,2.7169811320754715,1.0864908966146882,66.75570967741936
806,47.657708972584565,-122.33297663077444,63,3.171875,1.0083812953865812,50.24038888888888
807,47.70065243646216,-122.4283059727278,0,0.0,0.0,0.0
808,47.64806078185124,-122.34346805616332,80,2.6513761467889907,1.0506148573513996,31.40226119402984
809,47.7066341256182,-122.34469636980106,175,2.9485981308411215,1.0380068106301952,29.840288079470163
810,47.58108322046289,-122.38019121873886,204,3.330357142857143,1.0065887373673694,28.263915254237265
811,47.538356944437744,-122.4095408132694,0,0.0,0.0,0.0
812,47.52046663541928,-122.29479222759066,17,2.7142857142857144,1.0438829708953976,31.703960000000002
813,47.65272221139665,-122.32106964536128,129,3.013333333333333,1.0635446996563798,19.288872641509432
814,47.67062487107688,-122.39203194825872,96,3.0545454545454547,1.0342850509901491,39.93010596026492
815,47.536430800312566,-122.29883285122796,6,3.3333333333333335,1.0186797875508813,7.825714285714286
816,47.51500594036179,-122.29820573717645,78,2.7524752475247523,1.0501000216527736,41.713823999999995
817,47.6986843932064,-122.37381879853034,52,2.9285714285714284,1.0495150514276144,41.63089705882353
818,47.571512262008646,-122.33372645108824,92,2.905982905982906,1.0147530259102184,40.849465408805024
819,47.63273701459432,-122.23637748163864,27,3.0625,1.0004889433401984,73.26200000000001
820,47.65898246037369,-122.37646085961846,12,2.8125,1.1460009600399887,22.226350000000004
821,47.605690072264,-122.32413994610052,354,3.442048517520216,1.041360544362677,24.04621854304633
822,47.6662665006356,-122.25201132964484,0,0.0,0.0,0.0
823,47.58515019928055,-122.26291052225103,0,0.0,0.0,0.0
824,47.533675080880855,-122.33596549610164,34,2.682926829268293,1.1552721509228225,53.400960000000005
825,47.55993623156783,-122.35861563183263,54,2.787878787878788,1.0713494697487511,45.75837349397589
826,47.64222647525688,-122.4119222438524,42,2.6551724137931036,1.1183567342823448,71.64705970149254
827,47.569795135582446,-122.26263535996074,0,0.0,0.0,0.0
828,47.52430140332899,-122.24653543667196,0,0.0,0.0,0.0
829,47.67137345142265,-122.2883910420448,31,2.7209302325581395,1.0013857661360446,59.11227083333335
830,47.611025533693535,-122.32035347261812,305,3.204022988505747,1.03001938017777,24.323136015325694
831,47.68688754646294,-122.30478508254367,179,3.327956989247312,1.069503769769287,39.069087108013946
832,47.637539271495775,-122.30669879042064,88,3.0392156862745097,1.0993720224279226,45.84178014184398
833,47.63027099114095,-122.27394307348452,0,0.0,0.0,0.0
834,47.5213230695752,-122.25478903919073,0,0.0,0.0,0.0
835,47.52506067125584,-122.35835198218038,61,3.260869565217391,1.0399398197640837,69.15114432989692
836,47.61403778165126,-122.38059857277833,0,0.0,0.0,0.0
837,47.6223878444868,-122.28942145641054,98,2.496732026143791,1.0247755975729358,36.15497790055246
838,47.681859201091655,-122.26495857688336,49,2.8135593220338984,1.1873245283104699,42.005934210526334
839,47.661708936631165,-122.28498581090692,108,2.9083969465648853,1.0843849626126836,32.29129281767954
840,47.52841617636828,-122.41555367276158,0,0.0,0.0,0.0
841,47.52728043230519,-122.24560317440924,0,0.0,0.0,0.0
842,47.5961434521565,-122.39758660857996,0,0.0,0.0,0.0
843,47.621576338399045,-122.40645787830668,0,0.0,0.0,0.0
844,47.65414122640549,-122.35837292614931,164,3.119565217391304,1.054407084129949,32.57105514705883
845,47.68892842910942,-122.24196221599668,0,0.0,0.0,0.0
846,47.541291751356525,-122.24543222721078,0,0.0,0.0,0.0
847,47.6172442953537,-122.3259237793466,156,3.106145251396648,1.0282471497814323,29.887203065134116
848,47.516610488085725,-122.35034300361583,91,2.8857142857142857,1.0581846385210099,37.855940298507456
849,47.68890600239106,-122.29849747688696,185,3.1414634146341465,1.1450603879728072,33.67257980456027
850,47.56293945235464,-122.27426361245558,27,2.9375,1.0125757417179915,68.45526315789475
851,47.66945070528312,-122.3234429778289,66,3.388059701492537,1.0200241034712327,57.154680000000035
852,47.69984724131543,-122.23774991429332,6,2.272727272727273,1.060250522396069,102.38430000000001
853,47.70222153456491,-122.36303525785482,63,2.730769230769231,1.0223553932959613,43.21380412371135
854,47.702251730068696,-122.39570665874749,4,2.3333333333333335,1.0000108197006221,17.934800000000003
855,47.566458017209534,-122.3933520462447,45,3.3404255319148937,1.041942568170764,80.27126153846153
856,47.62233191591776,-122.24746783532348,0,0.0,0.0,0.0
857,47.57401111239509,-122.36369393592496,57,2.8676470588235294,1.096240334505568,68.16616853932581
858,47.66868896003846,-122.2807723907264,38,2.784313725490196,1.0158851644965403,37.613907692307684
859,47.66269215795408,-122.28225421727416,103,2.8015873015873014,1.0823676183565183,44.0328527607362
860,47.6964878394772,-122.2449055138902,0,0.0,0.0,0.0
861,47.688466937450414,-122.32871940752396,38,2.74,1.0179969787339234,44.88408064516128
862,47.66649676763306,-122.34039048951333,83,3.1222222222222222,1.0166999421257046,44.74632799999999
863,47.69420926516789,-122.2366302783096,0,0.0,0.0,0.0
864,47.61411477687738,-122.41825475631722,0,0.0,0.0,0.0
865,47.59187822873259,-122.33988142440472,21,2.793103448275862,1.1132876868376798,32.65052631578948
866,47.56719842255473,-122.29003758099095,67,2.8076923076923075,1.0253405884902584,53.24971874999999
867,47.66168914663266,-122.33696388175112,123,3.0526315789473686,1.0715495641982953,34.34742857142857
868,47.65833346009761,-122.42446074802452,25,2.9642857142857144,1.0670411264033244,38.18816666666666
869,47.59478341687141,-122.24107683553974,32,2.046875,1.054928303162831,32.17593650793651
870,47.55739260508273,-122.30096074710616,124,2.9740259740259742,1.1457816997661259,46.39980841121498
871,47.56522701759918,-122.41506405596192,0,0.0,0.0,0.0
872,47.63143400500163,-122.43486145703244,0,0.0,0.0,0.0
873,47.60687733226993,-122.42625865434354,0,0.0,0.0,0.0
874,47.59464362624472,-122.24071079718018,32,2.046875,1.0490555016415701,32.62903174603175
875,47.69414053842091,-122.39940366011469,31,2.26,1.0371892681996562,57.005730769230766
876,47.52175406465038,-122.27365860566388,96,2.8583333333333334,1.0472951171693397,40.333725
877,47.53202350115122,-122.2425898961475,1,1.6666666666666667,1.0744832817512482,44.194
878,47.60709887545936,-122.25951590259828,0,0.0,0.0,0.0
879,47.70788000517893,-122.32757034946532,153,3.06508875739645,1.0293592671028344,32.59269166666668
880,47.6072786644503,-122.34539136808304,19,3.1363636363636362,1.0068600238075804,39.53617241379311
881,47.58068160133229,-122.25789520785612,0,0.0,0.0,0.0
882,47.60265990230085,-122.28702222480872,65,2.308411214953271,1.096137446912442,42.52766379310346
883,47.53862622148181,-122.43177056478716,0,0.0,0.0,0.0
884,47.58361266080558,-122.4261079687122,0,0.0,0.0,0.0
885,47.64231722025606,-122.24364700766988,1,1.6666666666666667,1.4408767321290044,60.385000000000005
886,47.66118824475407,-122.3722119936142,166,3.051813471502591,1.0793793633113207,29.806934306569328
887,47.66161783341375,-122.37393697140313,211,3.15,1.034818710959266,27.431346368715058
888,47.5155798353328,-122.39686908862753,22,2.257142857142857,1.1863073015578123,46.611421052631584
889,47.59977035098838,-122.26483434691347,0,0.0,0.0,0.0
890,47.59833130577759,-122.28075858522293,0,0.0,0.0,0.0
891,47.5264675690401,-122.25603323115637,0,0.0,0.0,0.0
892,47.53068924001976,-122.25738307456572,0,0.0,0.0,0.0
893,47.687976864850725,-122.41528434861576,0,0.0,0.0,0.0
894,47.65078486919989,-122.41947688674632,24,2.066666666666667,1.0592000329981814,33.65437777777777
895,47.602618423776654,-122.35922954341966,0,0.0,0.0,0.0
896,47.59948016400228,-122.30420172829272,210,3.1074380165289255,1.0552815473914672,28.40816524216525
897,47.6366454165476,-122.24674264795716,0,0.0,0.0,0.0
898,47.58894921391244,-122.30690639555424,148,3.146198830409357,1.1791001497986915,30.718121093749993
899,47.65988633485108,-122.4306342078556,36,2.627450980392157,1.083896245123133,45.27953225806451
900,47.702477811039,-122.40100962038552,0,0.0,0.0,0.0
901,47.56663065612153,-122.34226076775887,33,2.738095238095238,1.032485077815908,63.519304347826086
902,47.587757535020216,-122.24627660921344,37,2.723404255319149,1.012003212276831,64.86288461538464
903,47.517906766252175,-122.34349511394024,59,2.823529411764706,1.1302877620240366,49.469699999999996
904,47.52535089653197,-122.26495903052546,50,2.774193548387097,1.0591927927930078,55.6774109589041
905,47.5589656265234,-122.24609536316564,0,0.0,0.0,0.0
906,47.610080249925,-122.4144775568792,0,0.0,0.0,0.0
907,47.66317766584972,-122.4328996754448,38,2.547169811320755,1.0847511352716561,27.20520312499999
908,47.65311228310606,-122.32567552382304,136,2.857142857142857,1.0511769152772419,21.61102531645568
909,47.551819331274665,-122.30781135922284,59,2.8947368421052633,1.0042572466004687,48.215020202020206
910,47.67266589896786,-122.2540046358295,20,2.264705882352941,1.163516682008748,58.45097222222223
911,47.64472782464391,-122.24261813968974,1,1.75,1.02103687195518,19.826999999999998
912,47.612470575135205,-122.33583875653714,377,3.3005050505050506,1.0077331901543654,22.45423654159868
913,47.56141015321112,-122.35178375209136,38,2.58,1.159393777669079,47.48751666666667
914,47.68715513036841,-122.32596010436924,56,2.9855072463768115,1.030428831967783,52.8249
915,47.59767922518828,-122.31448143293969,306,3.213872832369942,1.0426277590884359,25.94771969696974
916,47.599056607110704,-122.39652095154445,0,0.0,0.0,0.0
917,47.6633687864223,-122.25691274035348,0,0.0,0.0,0.0
918,47.54201742499768,-122.43481366581511,0,0.0,0.0,0.0
919,47.56354598128256,-122.43060980760514,0,0.0,0.0,0.0
920,47.5682012097375,-122.40149467544887,39,2.8863636363636362,1.000906986518139,73.95427777777776
921,47.636516794751614,-122.3424016237026,88,3.0185185185185186,1.087542331150625,33.8840394736842
922,47.67103379692335,-122.29298931865124,39,2.6923076923076925,1.0043112734093742,55.315491525423724
923,47.55080173434401,-122.2417959035006,0,0.0,0.0,0.0
924,47.57896230006736,-122.2428675785558,22,2.125,1.0245278338929684,80.12002564102565
925,47.69577352573783,-122.2979631112012,19,3.3,1.0029641041908277,83.18683999999999
926,47.70084849092432,-122.31541160193008,45,3.25531914893617,1.0036366228658562,72.15453731343283
927,47.62419184452712,-122.433574127993,0,0.0,0.0,0.0
928,47.50983525338192,-122.3242884047352,16,2.259259259259259,1.0673229998061606,66.31539285714288
929,47.6701502043253,-122.25291672025791,4,2.8,1.0404897742388297,27.315499999999997
930,47.59881014965416,-122.34099597612214,6,3.142857142857143,1.0567033440899487,98.47214285714283
931,47.58025938120669,-122.43380989167102,0,0.0,0.0,0.0
932,47.70179603563485,-122.23787667051906,15,2.4347826086956523,1.064082953155571,82.66830434782607
933,47.66543169949623,-122.3822070332374,336,3.1352785145888595,1.0344325773124194,23.36693928571429
934,47.572675231055975,-122.32785873347405,88,2.8230088495575223,1.0827118052697042,40.28968707482994
935,47.53159679874644,-122.35558313028416,44,3.533333333333333,1.0041116394244107,71.07704477611942
936,47.69042542477119,-122.34136311923112,328,3.3225806451612905,1.0105606457406218,26.874695488721844
937,47.56200654624835,-122.361548711877,82,2.8058252427184467,1.0711749340607128,32.66867669172932
938,47.53343270046585,-122.37229595095488,43,3.3043478260869565,1.0443837422892546,80.70717460317462
939,47.57351259267695,-122.36018834141342,36,2.7083333333333335,1.041998215455083,46.181413793103445
940,47.51385347108481,-122.4023007542828,0,0.0,0.0,0.0
941,47.58732059654415,-122.2353223198414,212,3.0653061224489795,1.087323250112304,26.15816155988858
942,47.574188286477685,-122.42593252490576,0,0.0,0.0,0.0
943,47.65836132493375,-122.3526134112217,112,3.036231884057971,1.0177707993340122,35.41979381443297
944,47.67305749754699,-122.26777593134318,35,2.948717948717949,1.051916005104832,67.65392000000001
945,47.703891259179485,-122.32381026960176,171,2.9441624365482233,1.08323564008962,30.67957037037037
946,47.705953962498135,-122.32064278012228,127,2.7884615384615383,1.1847543652401245,36.08729556650245
947,47.65475600079159,-122.31894020646452,394,3.09375,1.05411244052601,22.051989393939404
948,47.50878942663261,-122.2644789819808,17,2.4,1.0189694533760305,58.58092307692308
949,47.67267486133158,-122.3193132089958,158,3.2045454545454546,1.0184886509748436,30.118711538461543
950,47.59379615665696,-122.3439848645309,0,0.0,0.0,0.0
951,47.55769441380843,-122.29673161364605,61,2.896103896103896,1.1719091944426845,67.32507920792082
952,47.616829811545394,-122.34481412772644,367,3.3968253968253967,1.088252405342649,25.198021630615646
953,47.51119181389147,-122.35593272730712,75,2.9876543209876543,1.05402684505505,47.9586388888889
954,47.56765018404209,-122.35150305246144,23,2.8620689655172415,1.1179458627645371,53.23854054054055
955,47.64586826462528,-122.39931618313754,44,2.981818181818182,1.0217186833527405,50.8375833333333
956,47.67281318742291,-122.2974924515178,39,3.075,1.007957096524242,49.42656862745099
957,47.703894432784,-122.3801461059796,15,2.6842105263157894,1.1949057428344352,99.47784999999999
958,47.56060495231741,-122.37579366145562,132,3.1232876712328768,1.0371570863957436,32.91934905660378
959,47.50806385822545,-122.26526019005524,39,2.4166666666666665,1.0164730597830671,51.609876923076925
960,47.68781859363839,-122.23919395176884,0,0.0,0.0,0.0
961,47.5221261862187,-122.34745497698958,63,2.972972972972973,1.041159434213806,52.27838775510205
962,47.577732990190825,-122.34165956725258,19,3.0952380952380953,1.0961093188049604,85.21342307692308
963,47.56379755428309,-122.36445067945311,120,2.835616438356164,1.0655787746399905,33.27850000000001
964,47.50939502271361,-122.37263236593589,28,2.8529411764705883,1.0361005447912561,60.57530769230771
965,47.70523661967307,-122.27505974500086,11,2.923076923076923,1.0092174378831638,90.44564285714287
966,47.61872435610647,-122.3219263125194,249,3.22962962962963,1.051193451083896,26.689372549019627
967,47.66866147094703,-122.3111846770128,303,3.5221518987341773,1.0077941353087663,28.910957773512468
968,47.628157366367134,-122.2852801568373,53,2.5064935064935066,1.0285624192559386,52.90775280898878
969,47.62219831768513,-122.3549955309164,182,2.963302752293578,1.052874756202665,28.17259136212624
970,47.50951184650949,-122.3473360833988,17,2.3703703703703702,1.0545995424095462,85.16271428571429
971,47.52465996906148,-122.324766862241,115,3.18796992481203,1.048063508545056,31.851831632653074
972,47.52612989606341,-122.36785665609764,96,2.8796296296296298,1.077558436528248,47.41357857142858
973,47.62474196534706,-122.3520965673332,128,3.013245033112583,1.047642347866865,35.874009478672974
974,47.629071402510434,-122.3494759927966,83,2.957894736842105,1.027068591889724,48.051848
975,47.62487068451527,-122.29227068258037,155,2.712918660287081,1.0355871047190677,27.125376865671612
976,47.6811313717768,-122.27596627220144,60,2.8076923076923075,1.133231635319851,58.85677000000001
977,47.64241171176378,-122.4002265249922,142,3.1125,1.0347707681132245,33.183484978540754
978,47.5719501079174,-122.33457435801448,87,2.9444444444444446,1.0372192777835114,38.26136734693876
979,47.66328705656144,-122.31733468647764,463,3.274390243902439,1.0291161972484815,22.502192457737337
980,47.58521559102697,-122.43211976468054,0,0.0,0.0,0.0
981,47.63593712311898,-122.25879999517092,0,0.0,0.0,0.0
982,47.64640740443023,-122.38154051949763,71,3.0941176470588236,1.0188016450748127,43.766957627118664
983,47.66637198871159,-122.36333988565816,64,3.140845070422535,1.0316692058965504,62.65698979591836
984,47.511373582567245,-122.36790943107292,42,2.6296296296296298,1.1073090145506235,56.7090923076923
985,47.62124956041199,-122.43504308338436,0,0.0,0.0,0.0
986,47.572681410236186,-122.29235482555151,76,2.656862745098039,1.041537393564507,44.063122950819654
987,47.68765522315504,-122.33830213529106,79,2.909090909090909,1.0593659036773988,39.157812500000006
988,47.60260049388411,-122.3120879073432,355,3.449468085106383,1.0238176360582028,23.86594012944985
989,47.5178165700777,-122.27457526637409,38,2.3666666666666667,1.0397468911783705,54.956714285714305
990,47.56351202053191,-122.33417666078488,11,2.7142857142857144,1.0400482574157994,46.93150000000001
991,47.54071894830396,-122.26239493078958,32,2.2941176470588234,1.08085172069187,60.747403846153844
992,47.55328296844973,-122.29082533103195,109,3.1451612903225805,1.0366287950735342,34.77905113636361
993,47.68053946524788,-122.25764191325622,81,3.090909090909091,1.0775870158876528,33.228624999999994
994,47.5556140098018,-122.43304003521888,0,0.0,0.0,0.0
995,47.5543725240561,-122.26407816433554,35,2.4423076923076925,1.0674762388754322,58.77190909090906
996,47.6177139359074,-122.2365503293394,53,2.9076923076923076,1.027776328950163,51.56328235294119
997,47.597881603811935,-122.3670977017182,0,0.0,0.0,0.0
998,47.70011390228822,-122.35803296114254,39,2.9782608695652173,1.0236215342135204,69.14964406779661
999,47.69472999849313,-122.3454798997578,204,3.4218009478672986,1.0216727418211238,24.1401348973607
