,lat,lon,GEOID
0,47.64870058519663,-122.36228608297851,53033005901
1,47.52523524818971,-122.3083515864652,53033010900
2,47.69493830615077,-122.30428237763974,53033002100
3,47.55874923345728,-122.30856090236372,53033010402
4,47.61779826524447,-122.35381071042156,53033008003
5,47.65418608459004,-122.35610298011552,53033004800
6,47.56349419948231,-122.38143735796116,53033009802
7,47.52574530634416,-122.4125435234378,53033990100
8,47.69606530976796,-122.2663803425382,53033002200
9,47.65180068710642,-122.26302858849452,53033004101
10,47.65244051398097,-122.2731430413422,53033004101
11,47.662865363828864,-122.26258403717132,53033004101
12,47.5561731122917,-122.29577953137998,53033010401
13,47.56387881044766,-122.32873676995816,53033009300
14,47.669939437978094,-122.42038484794138,53033005700
15,47.61010681647557,-122.28769535241815,53033007800
16,47.57771349513813,-122.3071072964886,53033010002
17,47.6333220278113,-122.41132507521536,53033005600
18,47.67254736296415,-122.2901824003374,53033004202
19,47.542086998626594,-122.29634291965247,53033011002
20,47.62956283825683,-122.4077189498772,53033990100
21,47.62140867071469,-122.39455770418172,53033990100
22,47.67379063075758,-122.38144657196712,53033003301
23,47.67666670691021,-122.29895591664749,53033003800
24,47.51786894412279,-122.2639349003556,53033011802
25,47.5321390172691,-122.29463556804662,53033011002
26,47.5241690830856,-122.36672632129532,53033011402
27,47.66422907030041,-122.34469069887416,53033005000
28,47.64399228109959,-122.34016603714852,53033005401
29,47.5503136305014,-122.3898060962107,53033010602
30,47.56580101999362,-122.4339048159206,53033990100
31,47.5137784970166,-122.41327787179608,53033990100
32,47.61589253347445,-122.4109046813916,53033990100
33,47.57032455045288,-122.3651671347999,53033009900
34,47.60706581866284,-122.24041020596448,53033024302
35,47.59511008398107,-122.40404622509836,53033990100
36,47.57984019420863,-122.3303658815,53033009300
37,47.65891211350889,-122.25222523851772,53033004101
38,47.5649860023896,-122.36741161314576,53033009900
39,47.63864698451231,-122.32679653856322,53033006600
40,47.68495197913197,-122.27660886505336,53033002200
41,47.56029866741865,-122.42230719131392,53033990100
42,47.649744426199085,-122.41476398556703,53033005600
43,47.56612406360328,-122.30185167437944,53033010001
44,47.672731898829625,-122.30318860882184,53033004301
45,47.51256754625854,-122.33102119519256,53033026500
46,47.67914771406705,-122.2991384071312,53033003800
47,47.6992938886108,-122.23594563298718,53033022300
48,47.66805345667934,-122.35214629242702,53033003500
49,47.55529730070684,-122.41766813813038,53033990100
50,47.670269859992565,-122.3014670042733,53033004301
51,47.62664504857871,-122.28007199435122,53033006300
52,47.5223827958022,-122.27791610028024,53033011700
53,47.54229709487967,-122.2903057197592,53033011001
54,47.51136292818271,-122.28746601085942,53033011700
55,47.56030421499057,-122.32543081293964,53033009300
56,47.604117853200734,-122.34145963865237,53033008102
57,47.70702961749389,-122.2614868495148,53033022300
58,47.68175161172617,-122.25458727640697,53033004000
59,47.59571125036351,-122.2681793235922,53033008900
60,47.69306713464098,-122.25258731795988,53033002200
61,47.53223699227052,-122.26331584338789,53033011102
62,47.52942412656776,-122.27281407504104,53033011801
63,47.69066542655073,-122.38635118937516,53033001600
64,47.61251549356735,-122.31469245450796,53033008600
65,47.57151204477317,-122.28828779489868,53033010102
66,47.54570247235522,-122.3837833080024,53033010601
67,47.537227072965,-122.3210362240659,53033010900
68,47.65150586818206,-122.37509202527782,53033005801
69,47.63853274789959,-122.24436729525372,53033024200
70,47.552544018728376,-122.26418041566843,53033010200
71,47.52521923392672,-122.28900962169804,53033011700
72,47.60539854136327,-122.29174049446948,53033007800
73,47.54951712884409,-122.29587740322634,53033010401
74,47.670555524244335,-122.31457360294806,53033004402
75,47.61961020729171,-122.25055882838954,53033024200
76,47.697000333965136,-122.36138249876672,53033001702
77,47.599220045479626,-122.25875529969451,53033024302
78,47.608154267044256,-122.25640804027763,53033024302
79,47.65084237928906,-122.28513157474195,53033004101
80,47.6723258404371,-122.42882611057448,53033990100
81,47.68341917730923,-122.26322884554584,53033004000
82,47.69514831040444,-122.4235524541606,53033990100
83,47.63737059828228,-122.43484591913432,53033990100
84,47.52066399380529,-122.25095771052952,53033011802
85,47.66994044871918,-122.24986150790744,53033004102
86,47.57219920568197,-122.28588997167802,53033010102
87,47.671643974705205,-122.3093322779053,53033004401
88,47.63127823653426,-122.28398111065106,53033006300
89,47.586950765677095,-122.3941405296038,53033009600
90,47.600727773302616,-122.38839311540568,53033990100
91,47.68814628594475,-122.28019203541,53033002400
92,47.52028531534729,-122.25388539607523,53033011802
93,47.68703394479724,-122.3426725917393,53033002700
94,47.61536336672197,-122.33957196421125,53033007202
95,47.51444957882566,-122.31352536897388,53033026400
96,47.57645334268964,-122.39289510405666,53033009702
97,47.51405544015759,-122.23902530456824,53033011902
98,47.57434999884311,-122.28773218139426,53033009500
99,47.60959454312715,-122.38098784206905,53033990100
100,47.6919991299694,-122.3431498032636,53033001800
101,47.69627553279111,-122.2702653972585,53033002200
102,47.580939271937225,-122.41015301221437,53033009701
103,47.523943963691245,-122.3789804633842,53033011500
104,47.510243885847714,-122.25256995508632,53033011902
105,47.63812006216498,-122.42604849959916,53033990100
106,47.58646543324773,-122.2551352160252,53033024302
107,47.6745750214496,-122.41196357727613,53033003201
108,47.585152575796,-122.3959658251771,53033009600
109,47.53371390708248,-122.36486709005668,53033010701
110,47.684603922809735,-122.24800091353656,53033004000
111,47.60081622330746,-122.37801425799958,53033990100
112,47.60058747053892,-122.34638346462602,53033990100
113,47.56225631270575,-122.42837143528682,53033990100
114,47.58500868498635,-122.409658977558,53033990100
115,47.541202747142506,-122.28356128899284,53033011001
116,47.62583534434168,-122.32767322002464,53033006600
117,47.51013988565159,-122.39291726902027,53033012100
118,47.52965445893128,-122.35032700020864,53033011300
119,47.5847916453284,-122.38074474251349,53033009600
120,47.680494319361095,-122.36273827144764,53033002900
121,47.58438307214606,-122.24008317231576,53033024301
122,47.58356262765015,-122.34889403794271,53033009900
123,47.62622945737565,-122.40149081035814,53033990100
124,47.52188226318296,-122.41054902996432,53033990100
125,47.56685152276845,-122.42259820322622,53033990100
126,47.56325488025192,-122.3995885044251,53033009701
127,47.655821682917775,-122.30411166589148,53033005303
128,47.64898819694498,-122.26822029462063,53033004101
129,47.52582007899519,-122.37278467453012,53033011500
130,47.55926794678927,-122.28996790974944,53033010302
131,47.62663076663398,-122.38602204861834,53033005804
132,47.646605114219454,-122.33369443086517,53033005401
133,47.60515120253431,-122.41902342838502,53033990100
134,47.52207307300235,-122.43187896039676,53033990100
135,47.64738619781118,-122.35919639861058,53033006000
136,47.69617510678266,-122.23549194373594,53033022300
137,47.63755487294445,-122.36842938008304,53033006900
138,47.545646852316125,-122.24949780747532,53033011102
139,47.551515291721415,-122.3324147355287,53033010900
140,47.67651920029266,-122.31909816209529,53033003602
141,47.635529461348526,-122.40763432056204,53033005600
142,47.6862353205432,-122.28942212080432,53033002400
143,47.57288107225856,-122.23681762838386,53033024500
144,47.651643883919576,-122.24431929353707,53033024200
145,47.59397393303172,-122.2883877057917,53033008900
146,47.696719037039855,-122.40392516635144,53033003100
147,47.579607628507766,-122.2515507353183,53033024302
148,47.68563403034565,-122.34801129766824,53033002800
149,47.56840941671971,-122.3007626256158,53033010001
150,47.58308042665677,-122.39072833032957,53033009600
151,47.51603926555151,-122.33855137616465,53033026500
152,47.68134062550296,-122.34861269381432,53033002800
153,47.6412177840893,-122.41101485784252,53033005600
154,47.64704698546404,-122.38721982230302,53033005803
155,47.643681509608925,-122.3255554396803,53033006100
156,47.70276513307087,-122.397631691439,53033001500
157,47.6317734983067,-122.31435607038976,53033006500
158,47.57366073265313,-122.31034314613144,53033010002
159,47.58395248823324,-122.25546947683698,53033024302
160,47.596156075034045,-122.24258962522396,53033024302
161,47.64532457581623,-122.2759835729728,53033006300
162,47.6097660619579,-122.29767649738535,53033008800
163,47.634362112492745,-122.28644001716204,53033006300
164,47.61113963225456,-122.2459942779172,53033024200
165,47.62674127878037,-122.24393320426036,53033024200
166,47.63419710441839,-122.37983210525748,53033005804
167,47.6356218616294,-122.42044139402915,53033990100
168,47.687379625547024,-122.24402032437972,53033004000
169,47.6907807922181,-122.37394993597717,53033001702
170,47.59757755928514,-122.3758183109911,53033990100
171,47.55212504039159,-122.338915726065,53033010900
172,47.68209932490712,-122.30920209047312,53033002600
173,47.68694570327739,-122.30065843656732,53033002500
174,47.5722433234261,-122.32704948366111,53033009300
175,47.6548403917654,-122.3318337204574,53033005100
176,47.577778602927474,-122.33021880270732,53033009300
177,47.68162022207623,-122.27855573448016,53033003900
178,47.52673348872512,-122.35237227856436,53033011300
179,47.61620430482207,-122.37671723119784,53033990100
180,47.66254750426207,-122.35365928496302,53033004901
181,47.52563563520735,-122.26506526785624,53033011801
182,47.65859506921293,-122.28154779835177,53033004101
183,47.57308501127604,-122.2767098251041,53033009500
184,47.51706971529613,-122.3770234574702,53033012000
185,47.67279760398155,-122.39260140986546,53033003202
186,47.64117001006107,-122.23540877021318,53033024200
187,47.67286091041135,-122.38212389163913,53033003301
188,47.590427216930685,-122.3029921131958,53033009400
189,47.66440910565191,-122.35464918826656,53033004901
190,47.685713005292286,-122.2622272948328,53033004000
191,47.63593634562377,-122.35242001330228,53033006800
192,47.53440518165316,-122.36567528994637,53033010701
193,47.70534449166539,-122.34783876651196,53033001300
194,47.55576612622947,-122.32444462771552,53033009300
195,47.697654584828,-122.23605997265982,53033022300
196,47.626782520449126,-122.26276603763692,53033006300
197,47.59146135982959,-122.36720708495602,53033990100
198,47.66995627534206,-122.41160771799046,53033005700
199,47.69200291320769,-122.4266629663236,53033990100
200,47.51363896884001,-122.31459802164925,53033026400
201,47.62056639379127,-122.24965645370402,53033024200
202,47.67336486964603,-122.33313712794056,53033003601
203,47.58150346771426,-122.43473215146958,53033990100
204,47.59332644514183,-122.2359018653716,53033024302
205,47.63713865747032,-122.3213891117524,53033006600
206,47.69418817228995,-122.28989314978564,53033002200
207,47.61605381128142,-122.327308999735,53033008402
208,47.67230182273222,-122.31369187268366,53033004401
209,47.54060245151664,-122.25154757811742,53033024601
210,47.59739465760583,-122.2381816361848,53033024302
211,47.54742486329096,-122.38762373905467,53033010602
212,47.64802186381012,-122.34168291333896,53033005401
213,47.69039647073402,-122.30511218110684,53033002100
214,47.565708519441344,-122.24666754288693,53033010200
215,47.51707079325169,-122.3854889260671,53033012000
216,47.54860666190638,-122.2937218031322,53033010401
217,47.624028355405656,-122.42138254021567,53033990100
218,47.66065990567239,-122.26727728000994,53033004101
219,47.54255691742833,-122.31529127929934,53033010900
220,47.60224209578272,-122.24863657698792,53033024302
221,47.584704580515854,-122.31788591183708,53033009300
222,47.60348112081523,-122.25757346644744,53033024302
223,47.55349899225956,-122.3418254728862,53033010900
224,47.63730815342256,-122.38841207658656,53033005803
225,47.653668413310704,-122.41493622568174,53033005600
226,47.59997682093792,-122.34950152992975,53033990100
227,47.6148041503416,-122.4063188166383,53033990100
228,47.576171607348655,-122.34933217126812,53033009900
229,47.66197621245032,-122.31591266348288,53033005306
230,47.52077820786872,-122.4087624701728,53033990100
231,47.68501569687323,-122.3595473435055,53033002900
232,47.51240564987668,-122.30222075653204,53033026300
233,47.51436606999656,-122.25051779112871,53033011802
234,47.63779919598802,-122.25968668993974,53033024200
235,47.51066861184601,-122.3329407280178,53033026500
236,47.58901597588089,-122.2352487184575,53033024301
237,47.571150817584304,-122.39134990793892,53033009702
238,47.67634479222389,-122.36070737747474,53033003400
239,47.67545489278428,-122.31451433026012,53033004401
240,47.699733461586206,-122.2719050094613,53033000900
241,47.69773011036922,-122.42947333960912,53033990100
242,47.52988870118836,-122.38236710319052,53033011602
243,47.58170564160456,-122.27116909652648,53033009500
244,47.58995091983578,-122.27493793907246,53033009500
245,47.52172315561698,-122.25034131740884,53033011802
246,47.65218337388689,-122.37544351242909,53033005801
247,47.5574840243017,-122.40933599806216,53033990100
248,47.55707824549554,-122.39393673925986,53033010502
249,47.58574678105793,-122.37985254366984,53033009600
250,47.52328661580827,-122.34937823161248,53033011300
251,47.57153045590254,-122.29408710794532,53033010101
252,47.6122439688953,-122.2363675898057,53033024200
253,47.53270386425021,-122.3571802377008,53033011401
254,47.66333708744801,-122.3737244073141,53033004703
255,47.57991497262295,-122.31920028184896,53033009300
256,47.63657899727473,-122.35102820939314,53033006800
257,47.56896160597677,-122.25301655635732,53033010102
258,47.58445097570379,-122.32112792278856,53033009300
259,47.55721240410959,-122.35262374822858,53033010800
260,47.66561952296654,-122.42298898398836,53033005700
261,47.65745515034951,-122.25144060333083,53033004101
262,47.65459029967374,-122.329220962083,53033005100
263,47.67032307880198,-122.30199737204283,53033004301
264,47.51879223256131,-122.2756502386716,53033011700
265,47.53369483171894,-122.4226823353418,53033990100
266,47.572509022072055,-122.42157072146637,53033009701
267,47.63790248549802,-122.28638329375632,53033006300
268,47.703238999977984,-122.26862604972588,53033000900
269,47.5656671487841,-122.2793528789522,53033010102
270,47.65099367739259,-122.40742944455305,53033005600
271,47.65685546829239,-122.34437176313833,53033005000
272,47.68674996495665,-122.29157079373664,53033002400
273,47.6112821017501,-122.2547938935162,53033024200
274,47.653571624017374,-122.41487507675616,53033005600
275,47.613449201199096,-122.30536398960874,53033007902
276,47.64883767437804,-122.3434717355879,53033005401
277,47.59577032645093,-122.30453833882028,53033009000
278,47.673901941595126,-122.2558901946526,53033004000
279,47.67579148058416,-122.364144062034,53033003400
280,47.63786977430344,-122.37470857368196,53033005804
281,47.623504453429774,-122.35681146155588,53033007101
282,47.57431680098107,-122.23715334685411,53033024500
283,47.52456801675949,-122.34810793890404,53033011300
284,47.65976456589844,-122.3758817213809,53033004703
285,47.69878851053185,-122.23942280374791,53033022300
286,47.54669349132775,-122.2380176034725,53033024601
287,47.52311496867709,-122.29031414250582,53033011700
288,47.63291386993558,-122.27905745817272,53033006300
289,47.65393672628523,-122.24947916764876,53033024200
290,47.57807313309983,-122.2462474043953,53033024302
291,47.70755691921158,-122.27468426153835,53033000900
292,47.53860646117624,-122.34958625849366,53033010800
293,47.55250785838217,-122.3103348428586,53033010402
294,47.67232725512111,-122.43475739306966,53033990100
295,47.66259896639905,-122.42309394788352,53033005700
296,47.62452494150338,-122.32591632442626,53033007404
297,47.52312430321652,-122.27817073560205,53033011700
298,47.69694421349644,-122.3612824606676,53033001702
299,47.545979074263066,-122.35884792355311,53033010800
300,47.70584857311038,-122.39955408665504,53033990100
301,47.70659655312206,-122.30592890623932,53033001100
302,47.58588667347333,-122.41684121582566,53033990100
303,47.640598932493326,-122.430785841958,53033990100
304,47.57395619105785,-122.23637868123032,53033024500
305,47.63711585818493,-122.26336162541084,53033006300
306,47.62878335758508,-122.35862996023232,53033007001
307,47.5973779265812,-122.35558384584496,53033990100
308,47.56385762875131,-122.411203326851,53033009701
309,47.518224258431125,-122.32856117017867,53033026400
310,47.54982051972916,-122.2772193141426,53033010301
311,47.598381517182304,-122.35967848621058,53033990100
312,47.58293137361571,-122.38168819681462,53033009600
313,47.551305702727774,-122.42873930288602,53033990100
314,47.57677119888667,-122.43286730373852,53033990100
315,47.55639305577425,-122.30277154887187,53033010401
316,47.67239685366496,-122.41021767971633,53033005700
317,47.69736285299988,-122.26135981458827,53033002200
318,47.57673122002024,-122.31233188266025,53033010002
319,47.54985802859177,-122.4338816191613,53033990100
320,47.65815653289887,-122.373453095467,53033005901
321,47.544634417063016,-122.43127415242802,53033990100
322,47.54226533612008,-122.3883213281414,53033010602
323,47.55794349070906,-122.30339547982118,53033010401
324,47.54414462100087,-122.32104857819937,53033010900
325,47.544782778078456,-122.31802747078645,53033010900
326,47.65815360759603,-122.3974646116132,53033005700
327,47.6991719831556,-122.35040326437031,53033001701
328,47.59444294853096,-122.40647265252636,53033990100
329,47.51078518726109,-122.4345272955423,53033990100
330,47.68376645501943,-122.3385046471046,53033004600
331,47.53080838190317,-122.24800868991518,53033024602
332,47.62784350414765,-122.4277600269932,53033990100
333,47.63367463382102,-122.36255129984424,53033006900
334,47.5933978311043,-122.24198652967232,53033024302
335,47.62743978791521,-122.3650517562169,53033006900
336,47.60756641846764,-122.31206653804732,53033008700
337,47.61339561152096,-122.33652555638892,53033007302
338,47.52040868235189,-122.26331874591668,53033011802
339,47.59215195403917,-122.41146683842078,53033990100
340,47.667151830516985,-122.31208950509706,53033004402
341,47.68966788078958,-122.3682080774915,53033003000
342,47.59245800418813,-122.29051252555958,53033008900
343,47.62138472624636,-122.26601607182766,53033007800
344,47.55150791997808,-122.2697787446898,53033010200
345,47.5941210832622,-122.33262498690094,53033009300
346,47.67231102004863,-122.26488641607745,53033004102
347,47.56704572875793,-122.30700142290164,53033010001
348,47.52236568842685,-122.42455358445656,53033990100
349,47.58363776679523,-122.23637471029792,53033024301
350,47.55597160721829,-122.35189035603652,53033010800
351,47.68647805760865,-122.38212098626904,53033003000
352,47.632950490769765,-122.314424312133,53033006500
353,47.54282024788608,-122.35026182045485,53033010800
354,47.704693526322274,-122.26456087570382,53033000900
355,47.68729443679847,-122.32754598287949,53033002700
356,47.65282393917175,-122.28171501117518,53033004101
357,47.610273617494606,-122.31683251026983,53033008600
358,47.63775983190141,-122.2986937097456,53033006200
359,47.62813129499146,-122.37881450202596,53033005804
360,47.59997228891811,-122.30531005858911,53033009000
361,47.61404234861303,-122.40639232086512,53033990100
362,47.6416534759372,-122.33770588220182,53033005401
363,47.695185461645146,-122.28445034662326,53033002200
364,47.61189259958292,-122.40115689916465,53033990100
365,47.68302003247333,-122.39502129575196,53033003100
366,47.58059606231701,-122.28839826854802,53033009500
367,47.51741159080111,-122.24733393170013,53033011802
368,47.55761042241208,-122.35664329683854,53033010800
369,47.649624680468605,-122.2803157781625,53033004101
370,47.66227780389478,-122.24828142049294,53033004102
371,47.51427004195132,-122.3625532622706,53033026600
372,47.69488018845915,-122.3998288829493,53033001500
373,47.69494670379654,-122.37621734406008,53033001600
374,47.66559876109011,-122.31726503783936,53033004402
375,47.64234712674422,-122.31040302921288,53033006200
376,47.657348453595546,-122.32369966714546,53033005201
377,47.5312654963331,-122.3543765833704,53033011300
378,47.52961047450549,-122.3864813428049,53033011602
379,47.64964748513309,-122.40714215808828,53033005600
380,47.70013601252278,-122.2862968952245,53033002200
381,47.65658247512987,-122.24744260302973,53033004101
382,47.60951325734541,-122.4037901054072,53033990100
383,47.59660313345272,-122.28324842984053,53033008900
384,47.65382394513597,-122.34381854256976,53033005402
385,47.57681348391652,-122.32267266339858,53033009300
386,47.55552960627384,-122.28516337424269,53033010302
387,47.55200659980261,-122.37744437624912,53033010501
388,47.55400581894058,-122.35208040291552,53033010800
389,47.51460274817901,-122.27253282322673,53033011700
390,47.69562730258429,-122.35323383361406,53033001701
391,47.68418193629431,-122.38994749579008,53033003100
392,47.56634501061947,-122.27829371613524,53033010102
393,47.59831215127274,-122.32804214549756,53033009300
394,47.69092343513367,-122.25168000840443,53033002200
395,47.58999701301492,-122.42565027022982,53033990100
396,47.5430177739942,-122.28973214235128,53033011001
397,47.605743249017145,-122.25616602490624,53033024302
398,47.701312022332175,-122.32341498804212,53033001900
399,47.560483384160925,-122.3320252094513,53033009300
400,47.54235129104334,-122.3302554452607,53033010900
401,47.63105159446948,-122.25378993705212,53033024200
402,47.63964934543387,-122.26489004691813,53033006300
403,47.521481934178695,-122.40204086878386,53033012100
404,47.51117471645144,-122.24608345656472,53033011902
405,47.604494729722,-122.35347333259446,53033990100
406,47.5472875471954,-122.35030419872288,53033010800
407,47.67096071803438,-122.3374979300024,53033004600
408,47.66208318409364,-122.40038245559651,53033005700
409,47.57087824768092,-122.33625843928988,53033009300
410,47.57118341255799,-122.3008659727644,53033010001
411,47.550494843543234,-122.32028119137424,53033010900
412,47.69006282312808,-122.26334014216091,53033004000
413,47.53325878929491,-122.3883034521244,53033011602
414,47.6123769064071,-122.31328507534926,53033008600
415,47.69582191817121,-122.348070744627,53033001800
416,47.65445848917426,-122.30396350986967,53033005303
417,47.50867272503101,-122.38916630058436,53033012100
418,47.56828057465024,-122.34569463172392,53033009300
419,47.55703802132367,-122.37588892634628,53033009900
420,47.54343136951221,-122.3419230815741,53033010800
421,47.61132043726828,-122.27039021679644,53033007800
422,47.621217719898766,-122.37457289068882,53033005804
423,47.52849805256817,-122.3392262900449,53033011300
424,47.61196248739836,-122.25001601782276,53033024200
425,47.694719799528926,-122.26827154180322,53033002200
426,47.56323149517818,-122.29194426012718,53033010101
427,47.513809538725525,-122.40240725173452,53033990100
428,47.55934095239878,-122.26680931359424,53033010200
429,47.56217141657956,-122.40584884315616,53033009701
430,47.70150002922079,-122.33999269521668,53033001300
431,47.517659909473046,-122.3612290192686,53033011402
432,47.59718368743466,-122.4320893365008,53033990100
433,47.57107974367126,-122.24822087922216,53033024302
434,47.68109316410574,-122.32772623857088,53033004600
435,47.56088584035932,-122.3826122223869,53033010501
436,47.54530507262068,-122.3840343819394,53033010601
437,47.64190388640687,-122.37826647640608,53033005804
438,47.52189667615241,-122.27172171909858,53033011802
439,47.51095006893611,-122.30136054961127,53033026400
440,47.517186834866,-122.42622902974313,53033990100
441,47.644812967062215,-122.30921590839046,53033006200
442,47.60098458653907,-122.28529629571328,53033008900
443,47.5214273857165,-122.261458332576,53033011802
444,47.55022162069047,-122.26990398841924,53033010200
445,47.64392442143333,-122.40443058644794,53033005600
446,47.54346145618213,-122.24962702021097,53033011102
447,47.65756764020426,-122.27920263788148,53033004101
448,47.59523590097941,-122.33681891238572,53033009300
449,47.62112362959626,-122.2370631434506,53033024200
450,47.54881388404913,-122.33176124558186,53033010900
451,47.5337910207178,-122.28695631907571,53033011001
452,47.536253397192944,-122.43331726576976,53033990100
453,47.68408355508851,-122.26984037735949,53033002200
454,47.51844191604292,-122.23923469514948,53033011902
455,47.59392544105816,-122.2741983545129,53033008900
456,47.61660455988043,-122.36057220799756,53033008004
457,47.69471065373065,-122.3794344154722,53033001600
458,47.56941828521232,-122.295087405106,53033010101
459,47.53050480196816,-122.33048021694414,53033011200
460,47.59912468273046,-122.25513371644426,53033024302
461,47.67467675693515,-122.42855067518944,53033990100
462,47.54732098912225,-122.4317239721869,53033990100
463,47.5120730062636,-122.38524264456944,53033012000
464,47.61236926014295,-122.32773574748104,53033008300
465,47.60072555630652,-122.34038820207596,53033009200
466,47.65224134823887,-122.35514428418556,53033004800
467,47.62813290001362,-122.3575237619202,53033007002
468,47.63449873181819,-122.24968420887076,53033024200
469,47.65571536779991,-122.42244472761033,53033005700
470,47.586530192850944,-122.34802626260785,53033009900
471,47.65853720631054,-122.25645365724776,53033004101
472,47.58752461304974,-122.42299590797288,53033990100
473,47.548315372714896,-122.3188001031782,53033010900
474,47.617153460786994,-122.40945108522972,53033990100
475,47.59482817359504,-122.3375984229854,53033009300
476,47.6402988924119,-122.28557479969672,53033006300
477,47.62904273209208,-122.2863744720765,53033006300
478,47.551527858739526,-122.3437805699755,53033010800
479,47.549327610096405,-122.29076064220168,53033010401
480,47.630906828345495,-122.27213499023368,53033006300
481,47.68605417980639,-122.36681551979012,53033003000
482,47.59846151665224,-122.25608462988488,53033024302
483,47.56270170345716,-122.3475793228779,53033009900
484,47.58243100411194,-122.433790164032,53033990100
485,47.69735048349358,-122.3353915761375,53033001800
486,47.55149429343194,-122.24189084905136,53033010200
487,47.649731122567545,-122.27687499478505,53033004101
488,47.52259878664872,-122.37899767874876,53033011500
489,47.615314860871386,-122.33038742926398,53033008300
490,47.61027677231071,-122.25832743635348,53033024302
491,47.69564772043487,-122.42613403879449,53033990100
492,47.65238782423639,-122.29375398998168,53033005303
493,47.666357194603314,-122.31166392625836,53033004401
494,47.5148667207466,-122.37984407747363,53033012000
495,47.561239955149176,-122.39297238002344,53033009702
496,47.58923026936348,-122.23663669411016,53033024301
497,47.57277556251099,-122.35652360807984,53033009900
498,47.58816937990631,-122.27235979351774,53033009500
499,47.6708431120686,-122.3185080581687,53033004500
500,47.52980277622471,-122.33080365627818,53033011200
501,47.65034681670957,-122.25754272350947,53033004101
502,47.52502254394986,-122.37335843508828,53033011500
503,47.67826560704563,-122.34930570020413,53033003500
504,47.59963753223783,-122.29084035285318,53033008900
505,47.58016867975093,-122.34618444812271,53033009900
506,47.631771882260445,-122.29915017455428,53033006400
507,47.69605588756246,-122.28807281959358,53033002200
508,47.64887083040664,-122.38689474145777,53033005801
509,47.66828462232933,-122.2922362841122,53033004202
510,47.58956376821991,-122.35533118231945,53033009900
511,47.58786319523142,-122.407701247741,53033990100
512,47.5377974463916,-122.2916023933818,53033011002
513,47.61750406935633,-122.3507177795056,53033008003
514,47.530957060356975,-122.41125897036356,53033990100
515,47.63293049624429,-122.2469211041874,53033024200
516,47.59474536978561,-122.26469032089764,53033024302
517,47.56227228454579,-122.37645380670526,53033010501
518,47.5617010897419,-122.25345425898628,53033010200
519,47.58304205568951,-122.2748365611677,53033009500
520,47.51368140852181,-122.29538704461334,53033026300
521,47.58971519960336,-122.3606674904734,53033009900
522,47.512630897631695,-122.32462524460668,53033026400
523,47.61769714725631,-122.41075622912363,53033990100
524,47.66551495300333,-122.26521599208915,53033004102
525,47.583094460153774,-122.3410000602664,53033009300
526,47.56836807313773,-122.3964223735996,53033009702
527,47.70625865803464,-122.36342716291944,53033001400
528,47.659518862727694,-122.29826050744016,53033005303
529,47.642088109523925,-122.337167728833,53033005401
530,47.51556292231016,-122.2360709734106,53033011902
531,47.62989513859998,-122.2815410925506,53033006300
532,47.56691889514168,-122.34655523463626,53033009300
533,47.52232837729063,-122.40055816634218,53033011601
534,47.517840594386485,-122.39519486835972,53033012100
535,47.570029037308224,-122.33087331445245,53033009300
536,47.54238729780136,-122.42352060045866,53033990100
537,47.65847070451856,-122.24732270325234,53033004101
538,47.660240492359534,-122.39927013808466,53033005700
539,47.69083974896051,-122.3245681966676,53033001900
540,47.66776756981351,-122.32290538589923,53033004500
541,47.62616487267154,-122.2724908717582,53033006300
542,47.66677804981859,-122.26558220896592,53033004102
543,47.600487362858416,-122.2769972623247,53033008900
544,47.68717400365868,-122.38377857527126,53033003100
545,47.69632515285545,-122.42026397604576,53033990100
546,47.62790766814628,-122.28304974647556,53033006300
547,47.52728206928368,-122.24226402705396,53033024602
548,47.56232909324021,-122.35031809040906,53033009900
549,47.60440607003218,-122.28810793945962,53033007800
550,47.61681641688531,-122.32870614486092,53033007406
551,47.64254145940108,-122.36552476897135,53033005902
552,47.5919094502689,-122.32673908252592,53033009300
553,47.65197833841695,-122.37583694277302,53033005801
554,47.66212441210612,-122.4165960573602,53033005700
555,47.61459821026937,-122.36520932125973,53033990100
556,47.62661358309986,-122.26408499935307,53033006300
557,47.54230211035657,-122.41103502787315,53033990100
558,47.59158802230183,-122.33149783743268,53033009300
559,47.55252709113663,-122.30401599583205,53033010402
560,47.68445555347916,-122.34752647393812,53033002800
561,47.511161963845815,-122.23846832151447,53033011902
562,47.65747913273732,-122.41695901428692,53033005700
563,47.55293874020583,-122.340022439421,53033010900
564,47.615227534107056,-122.3819732491979,53033990100
565,47.5370679006979,-122.4180744579558,53033990100
566,47.590047214428665,-122.41376577961351,53033990100
567,47.52440142662044,-122.32382729988322,53033011200
568,47.55662541383979,-122.31933124047598,53033009300
569,47.55603860063129,-122.27812267376191,53033010301
570,47.59865388206879,-122.35813903385902,53033990100
571,47.6285052078464,-122.27204797311876,53033006300
572,47.65845207001277,-122.31517512712549,53033005305
573,47.65506510360555,-122.32267731422122,53033005201
574,47.69141231971484,-122.40029543391282,53033003100
575,47.58697907826438,-122.30580904206198,53033009400
576,47.68238911626682,-122.31992034313085,53033003602
577,47.6686994319718,-122.3756538683102,53033004702
578,47.60125924612996,-122.37539663940652,53033990100
579,47.61314748923215,-122.3428195427474,53033008002
580,47.56552362742239,-122.35570443171903,53033009900
581,47.680231554089765,-122.40281825684173,53033003100
582,47.64973920594521,-122.41358713891974,53033005600
583,47.63099061541503,-122.34632449708116,53033006703
584,47.5569171294613,-122.27717113119547,53033010301
585,47.51122983340463,-122.2653274103091,53033011901
586,47.54944799135069,-122.30035803113964,53033010401
587,47.59302691235777,-122.26601505308614,53033024302
588,47.54340093504229,-122.3124864367854,53033010900
589,47.54502398450263,-122.25070302339138,53033011102
590,47.66051777093388,-122.42248668915424,53033005700
591,47.69166236582635,-122.2544891184876,53033002200
592,47.55904608419906,-122.42060107335654,53033990100
593,47.55365768346465,-122.30600127770268,53033010402
594,47.60764491794959,-122.42195562010396,53033990100
595,47.61037103036165,-122.28404569109108,53033007800
596,47.59425478241724,-122.3975048711762,53033990100
597,47.50958136953575,-122.36004296824488,53033026600
598,47.56897599346501,-122.325463243857,53033009300
599,47.52798336498315,-122.25419407339096,53033011801
600,47.69362574828424,-122.43472741747075,53033990100
601,47.69988868379234,-122.40373702982532,53033001500
602,47.60713957800424,-122.42931609398325,53033990100
603,47.55786234676878,-122.28932059849411,53033010302
604,47.66933068593393,-122.39861503232802,53033003201
605,47.64811085610455,-122.2410898758371,53033024200
606,47.58706055094011,-122.2429021256504,53033024302
607,47.53353592402076,-122.40282986573388,53033011602
608,47.55775183185758,-122.29839747497986,53033010401
609,47.63764349381195,-122.27988123707227,53033006300
610,47.60543689716723,-122.40352084983292,53033990100
611,47.69103595718922,-122.27884454216576,53033002200
612,47.5961949076675,-122.35658068803508,53033990100
613,47.53361729714759,-122.40955240311456,53033990100
614,47.57749040381374,-122.40988275893508,53033009701
615,47.64142923976608,-122.28833665248914,53033006300
616,47.58167557182163,-122.28067314732031,53033009500
617,47.52933444135658,-122.32288446511274,53033011200
618,47.69436349796532,-122.37334846967345,53033001702
619,47.53338417471419,-122.34653180041616,53033011300
620,47.6931308926674,-122.41073983214166,53033990100
621,47.670447283500096,-122.26847132307148,53033004102
622,47.58877342654674,-122.4009010975791,53033009600
623,47.55302232424616,-122.25028782775787,53033010200
624,47.547712986178034,-122.37355786641773,53033010702
625,47.65243395893567,-122.2873686661146,53033005303
626,47.58887243915829,-122.41066294344589,53033990100
627,47.62756468279933,-122.4298454765259,53033990100
628,47.59913447726092,-122.26688863637796,53033008900
629,47.67924226779148,-122.4247046454162,53033990100
630,47.51264358777908,-122.32561520844344,53033026400
631,47.68542548591228,-122.30123154642594,53033002500
632,47.661658980564766,-122.28924667477594,53033004202
633,47.69985243562911,-122.37313745360198,53033001400
634,47.59851260811653,-122.34174079354146,53033009300
635,47.54666913919427,-122.26348142935042,53033010200
636,47.66543433630813,-122.28529754187544,53033004201
637,47.69321900640225,-122.39521684031888,53033001500
638,47.65418390977275,-122.418458279008,53033005700
639,47.587323983111546,-122.3083044157398,53033009400
640,47.51718932438271,-122.30464721592688,53033026300
641,47.549262227467736,-122.4176120391212,53033990100
642,47.66797394252846,-122.31555858421557,53033004402
643,47.60792216936122,-122.29988912618734,53033008800
644,47.69866042412984,-122.31216246330403,53033002000
645,47.526574388135735,-122.34786631432138,53033011300
646,47.70501379857048,-122.24757676922871,53033022300
647,47.53651133988054,-122.30340348533583,53033010900
648,47.66846159098672,-122.288646235332,53033004202
649,47.6323793190784,-122.3935205000766,53033005600
650,47.64977383758093,-122.31089763664342,53033005303
651,47.60510369468104,-122.25066358926072,53033024302
652,47.58878832352805,-122.36767454444023,53033009900
653,47.58829709338132,-122.39429663783444,53033009600
654,47.5905761207478,-122.42950501890346,53033990100
655,47.54830384587644,-122.39758753287607,53033010602
656,47.70043715922184,-122.30567108002734,53033001100
657,47.55321353991725,-122.42905879466414,53033990100
658,47.62375994167128,-122.32357548193706,53033007403
659,47.64248211120076,-122.32106310145336,53033006100
660,47.67447020958312,-122.25857230181444,53033004102
661,47.5858314909874,-122.34406884703245,53033009300
662,47.70492592236791,-122.28151562445684,53033000800
663,47.65978179576789,-122.31309285113768,53033005305
664,47.51587313052888,-122.32734094130036,53033026400
665,47.53344328191575,-122.41330268232268,53033990100
666,47.62034971609922,-122.30730146772522,53033007600
667,47.5816300639054,-122.42422752844364,53033990100
668,47.52763002831067,-122.3750065828061,53033011500
669,47.63437700069095,-122.297604295061,53033006200
670,47.55577512130724,-122.33235180376396,53033009300
671,47.56364246100922,-122.40125042317048,53033009701
672,47.53208985603049,-122.33775303336576,53033011300
673,47.68392289544598,-122.35904463456518,53033002900
674,47.66740918714555,-122.3107123527732,53033004401
675,47.60096411864759,-122.32326499138948,53033009100
676,47.683299419227325,-122.30466560711184,53033002500
677,47.65202293432552,-122.38142795308468,53033005801
678,47.611772552743794,-122.37706076804156,53033990100
679,47.560527331413205,-122.3360873013061,53033009300
680,47.54640385516339,-122.25040506283143,53033011102
681,47.69793071956914,-122.42765110181357,53033990100
682,47.51819696742103,-122.2918733476574,53033026300
683,47.66533887913109,-122.32925199238304,53033004600
684,47.59944350160724,-122.27771085333394,53033008900
685,47.6156835025752,-122.24954021848347,53033024200
686,47.67650175308366,-122.36471631098728,53033003400
687,47.51765598594436,-122.431718716747,53033990100
688,47.594365004016176,-122.31493943247884,53033009400
689,47.5558401442514,-122.25200562923492,53033010200
690,47.656183716538486,-122.37638111865742,53033005801
691,47.617772327143726,-122.40041799597448,53033990100
692,47.60584996053447,-122.30781522292595,53033008700
693,47.59120854288005,-122.26695552263467,53033009500
694,47.57601953146444,-122.3159240264656,53033010002
695,47.67844003732695,-122.42314108373172,53033990100
696,47.59685508778945,-122.3215182733557,53033009100
697,47.58107047735821,-122.28701598936236,53033009500
698,47.53616462938368,-122.35623415059904,53033010800
699,47.56596075468274,-122.26974067259953,53033010102
700,47.5513927027452,-122.33033313750248,53033010900
701,47.65904449917892,-122.31833331433234,53033005202
702,47.60091444855991,-122.26674919588017,53033008900
703,47.60963842317476,-122.31926116635,53033008600
704,47.64341166339266,-122.42653046898224,53033990100
705,47.522593573308185,-122.28996667956456,53033011700
706,47.629333347222094,-122.41047162849846,53033990100
707,47.61393895623125,-122.29925848873285,53033007700
708,47.589407544186464,-122.41159489615278,53033990100
709,47.64977985449124,-122.24480879895566,53033024200
710,47.60344405767079,-122.2417700342818,53033024302
711,47.6291845646396,-122.29384442208868,53033006300
712,47.62663628302593,-122.299215464787,53033006400
713,47.6320497329187,-122.36643373807044,53033006900
714,47.675584844605176,-122.31588371785062,53033004401
715,47.70317569048065,-122.24261428182425,53033022300
716,47.62531324082982,-122.34018046233676,53033007203
717,47.67104242042719,-122.23934403966857,53033004000
718,47.70406102932409,-122.30196327264647,53033001100
719,47.627399062005225,-122.39916924696604,53033990100
720,47.58984340876133,-122.3096489571015,53033009400
721,47.66822285184204,-122.30579237162068,53033004301
722,47.63949373555226,-122.30301120889683,53033006200
723,47.511474720664985,-122.28217050876592,53033011700
724,47.66896463001753,-122.33016821686934,53033004600
725,47.6043059939946,-122.24601479834244,53033024302
726,47.55385999770948,-122.24291115049652,53033010200
727,47.69018001048349,-122.25099071854174,53033004000
728,47.70720415822802,-122.29979754458496,53033001000
729,47.66935159901991,-122.3468200413948,53033004600
730,47.65336154028111,-122.370373973257,53033005901
731,47.70260969637781,-122.24374095351308,53033022300
732,47.539647507884766,-122.30921575574511,53033010900
733,47.69579937332441,-122.28891981341852,53033002200
734,47.525561456304935,-122.26415161609508,53033011801
735,47.69945809493364,-122.4039349794297,53033001500
736,47.67905328333021,-122.36550463848404,53033003400
737,47.68386111829053,-122.39900106364344,53033003100
738,47.59929599757065,-122.30576147974796,53033009000
739,47.5930380587479,-122.29226324731071,53033008900
740,47.63838503845816,-122.37042722642948,53033006900
741,47.69104861641915,-122.32115117748646,53033001900
742,47.52633248851127,-122.26693675806024,53033011801
743,47.539792228444135,-122.26160091395911,53033011102
744,47.66599374644533,-122.37095773332229,53033004703
745,47.60870913859299,-122.3155721031068,53033008600
746,47.54755318453379,-122.27061317518766,53033010200
747,47.60381545578002,-122.36069698194198,53033990100
748,47.55450943914279,-122.2376184332288,53033024601
749,47.51946038313704,-122.26361820665234,53033011802
750,47.636838458606846,-122.4280848342692,53033990100
751,47.57954227176649,-122.32040835518475,53033009300
752,47.61978625967102,-122.2525321292268,53033024200
753,47.525579088218805,-122.25521481560936,53033011801
754,47.52994790383907,-122.38135689347467,53033011500
755,47.57605760620276,-122.37393711442245,53033009900
756,47.51929525208984,-122.25993094302792,53033011802
757,47.58943552314071,-122.34341492082334,53033009300
758,47.64615019450098,-122.28632176843917,53033006200
759,47.683512189906295,-122.25654948829153,53033004000
760,47.59692089612816,-122.32557102003024,53033009100
761,47.614179552743416,-122.32925515990964,53033008300
762,47.56130172128628,-122.39152302345248,53033010502
763,47.57813706766586,-122.27968578564234,53033009500
764,47.56667219654109,-122.32457058364557,53033009300
765,47.61305243253571,-122.41776008281722,53033990100
766,47.571484686267375,-122.43430099280422,53033990100
767,47.54341316884623,-122.25757761702484,53033011102
768,47.6500989524937,-122.27393828425376,53033004101
769,47.52587495218142,-122.25437591004312,53033011801
770,47.66428780241932,-122.23813499324396,53033004102
771,47.58668942437172,-122.24937676134005,53033024302
772,47.55888772323553,-122.29498262448128,53033010401
773,47.65312732284308,-122.39769347368004,53033005700
774,47.55341300920077,-122.32379617196136,53033010900
775,47.657396428694696,-122.2789256061588,53033004101
776,47.58268582445167,-122.4061945462193,53033009701
777,47.51717106597504,-122.24723043561586,53033011802
778,47.52386130197993,-122.3927481925759,53033011601
779,47.57480823610471,-122.27288344943292,53033009500
780,47.68406584426762,-122.41673813992468,53033990100
781,47.69526783959115,-122.2997916442746,53033002100
782,47.69788696272018,-122.42539259340946,53033990100
783,47.59786301303441,-122.32263939924452,53033009100
784,47.632864712281176,-122.39638683476169,53033005600
785,47.51485368869336,-122.30236372363656,53033026300
786,47.54338958051014,-122.40814299037008,53033990100
787,47.53070816938169,-122.38057555048316,53033011500
788,47.51786370330412,-122.28779196148432,53033011700
789,47.59415175945019,-122.38663849570284,53033009600
790,47.64597326391765,-122.41415051815471,53033005600
791,47.62905746276033,-122.34520445393272,53033006702
792,47.64464165124146,-122.36726357725188,53033005902
793,47.55939744345438,-122.33068078945148,53033009300
794,47.61841258710879,-122.402718881465,53033990100
795,47.61713127079285,-122.4053152733001,53033990100
796,47.66156743058743,-122.31303793327304,53033005306
797,47.55987178461324,-122.37693461803858,53033010501
798,47.53083609743137,-122.2364352197175,53033024602
799,47.559596100327546,-122.30226525278248,53033010401
800,47.63310151941853,-122.24777804998618,53033024200
801,47.57403386927435,-122.27945103422728,53033009500
802,47.54669527459125,-122.29640705425663,53033010401
803,47.51293020839839,-122.43505082746968,53033990100
804,47.68847214118785,-122.284964215024,53033002400
805,47.510266039406126,-122.37117463263117,53033012000
806,47.657708972584565,-122.33297663077444,53033005100
807,47.70065243646216,-122.4283059727278,53033990100
808,47.64806078185124,-122.34346805616332,53033005401
809,47.7066341256182,-122.34469636980106,53033001300
810,47.58108322046289,-122.38019121873886,53033009801
811,47.538356944437744,-122.4095408132694,53033990100
812,47.52046663541928,-122.29479222759066,53033026300
813,47.65272221139665,-122.32106964536128,53033006100
814,47.67062487107688,-122.39203194825872,53033003201
815,47.536430800312566,-122.29883285122796,53033011002
816,47.51500594036179,-122.29820573717645,53033026300
817,47.6986843932064,-122.37381879853034,53033001400
818,47.571512262008646,-122.33372645108824,53033009300
819,47.63273701459432,-122.23637748163864,53033024200
820,47.65898246037369,-122.37646085961846,53033005801
821,47.605690072264,-122.32413994610052,53033008500
822,47.6662665006356,-122.25201132964484,53033004102
823,47.58515019928055,-122.26291052225103,53033024302
824,47.533675080880855,-122.33596549610164,53033011300
825,47.55993623156783,-122.35861563183263,53033009900
826,47.64222647525688,-122.4119222438524,53033005600
827,47.569795135582446,-122.26263535996074,53033010102
828,47.52430140332899,-122.24653543667196,53033024602
829,47.67137345142265,-122.2883910420448,53033004202
830,47.611025533693535,-122.32035347261812,53033008600
831,47.68688754646294,-122.30478508254367,53033002500
832,47.637539271495775,-122.30669879042064,53033006200
833,47.63027099114095,-122.27394307348452,53033006300
834,47.5213230695752,-122.25478903919073,53033011802
835,47.52506067125584,-122.35835198218038,53033011401
836,47.61403778165126,-122.38059857277833,53033990100
837,47.6223878444868,-122.28942145641054,53033007800
838,47.681859201091655,-122.26495857688336,53033004000
839,47.661708936631165,-122.28498581090692,53033004101
840,47.52841617636828,-122.41555367276158,53033990100
841,47.52728043230519,-122.24560317440924,53033024602
842,47.5961434521565,-122.39758660857996,53033990100
843,47.621576338399045,-122.40645787830668,53033990100
844,47.65414122640549,-122.35837292614931,53033004800
845,47.68892842910942,-122.24196221599668,53033022402
846,47.541291751356525,-122.24543222721078,53033024601
847,47.6172442953537,-122.3259237793466,53033007405
848,47.516610488085725,-122.35034300361583,53033026500
849,47.68890600239106,-122.29849747688696,53033002500
850,47.56293945235464,-122.27426361245558,53033010102
851,47.66945070528312,-122.3234429778289,53033004500
852,47.69984724131543,-122.23774991429332,53033022300
853,47.70222153456491,-122.36303525785482,53033001400
854,47.702251730068696,-122.39570665874749,53033001500
855,47.566458017209534,-122.3933520462447,53033009702
856,47.62233191591776,-122.24746783532348,53033024200
857,47.57401111239509,-122.36369393592496,53033009900
858,47.66868896003846,-122.2807723907264,53033004201
859,47.66269215795408,-122.28225421727416,53033004102
860,47.6964878394772,-122.2449055138902,53033022300
861,47.688466937450414,-122.32871940752396,53033002700
862,47.66649676763306,-122.34039048951333,53033004600
863,47.69420926516789,-122.2366302783096,53033022300
864,47.61411477687738,-122.41825475631722,53033990100
865,47.59187822873259,-122.33988142440472,53033009300
866,47.56719842255473,-122.29003758099095,53033010101
867,47.66168914663266,-122.33696388175112,53033005000
868,47.65833346009761,-122.42446074802452,53033005700
869,47.59478341687141,-122.24107683553974,53033024302
870,47.55739260508273,-122.30096074710616,53033010401
871,47.56522701759918,-122.41506405596192,53033990100
872,47.63143400500163,-122.43486145703244,53033990100
873,47.60687733226993,-122.42625865434354,53033990100
874,47.59464362624472,-122.24071079718018,53033024302
875,47.69414053842091,-122.39940366011469,53033001500
876,47.52175406465038,-122.27365860566388,53033011802
877,47.53202350115122,-122.2425898961475,53033024602
878,47.60709887545936,-122.25951590259828,53033024302
879,47.70788000517893,-122.32757034946532,53033001201
880,47.6072786644503,-122.34539136808304,53033008101
881,47.58068160133229,-122.25789520785612,53033024302
882,47.60265990230085,-122.28702222480872,53033007800
883,47.53862622148181,-122.43177056478716,53033990100
884,47.58361266080558,-122.4261079687122,53033990100
885,47.64231722025606,-122.24364700766988,53033024200
886,47.66118824475407,-122.3722119936142,53033004703
887,47.66161783341375,-122.37393697140313,53033004703
888,47.5155798353328,-122.39686908862753,53033012100
889,47.59977035098838,-122.26483434691347,53033024302
890,47.59833130577759,-122.28075858522293,53033008900
891,47.5264675690401,-122.25603323115637,53033011801
892,47.53068924001976,-122.25738307456572,53033011801
893,47.687976864850725,-122.41528434861576,53033990100
894,47.65078486919989,-122.41947688674632,53033005600
895,47.602618423776654,-122.35922954341966,53033990100
896,47.59948016400228,-122.30420172829272,53033009000
897,47.6366454165476,-122.24674264795716,53033024200
898,47.58894921391244,-122.30690639555424,53033009400
899,47.65988633485108,-122.4306342078556,53033005700
900,47.702477811039,-122.40100962038552,53033001500
901,47.56663065612153,-122.34226076775887,53033009300
902,47.587757535020216,-122.24627660921344,53033024302
903,47.517906766252175,-122.34349511394024,53033011300
904,47.52535089653197,-122.26495903052546,53033011801
905,47.5589656265234,-122.24609536316564,53033010200
906,47.610080249925,-122.4144775568792,53033990100
907,47.66317766584972,-122.4328996754448,53033005700
908,47.65311228310606,-122.32567552382304,53033005201
909,47.551819331274665,-122.30781135922284,53033010402
910,47.67266589896786,-122.2540046358295,53033004102
911,47.64472782464391,-122.24261813968974,53033024200
912,47.612470575135205,-122.33583875653714,53033008200
913,47.56141015321112,-122.35178375209136,53033009900
914,47.68715513036841,-122.32596010436924,53033002700
915,47.59767922518828,-122.31448143293969,53033009000
916,47.599056607110704,-122.39652095154445,53033990100
917,47.6633687864223,-122.25691274035348,53033004102
918,47.54201742499768,-122.43481366581511,53033990100
919,47.56354598128256,-122.43060980760514,53033990100
920,47.5682012097375,-122.40149467544887,53033009702
921,47.636516794751614,-122.3424016237026,53033006701
922,47.67103379692335,-122.29298931865124,53033004202
923,47.55080173434401,-122.2417959035006,53033010200
924,47.57896230006736,-122.2428675785558,53033024302
925,47.69577352573783,-122.2979631112012,53033002100
926,47.70084849092432,-122.31541160193008,53033002000
927,47.62419184452712,-122.433574127993,53033990100
928,47.50983525338192,-122.3242884047352,53033026400
929,47.6701502043253,-122.25291672025791,53033004102
930,47.59881014965416,-122.34099597612214,53033009300
931,47.58025938120669,-122.43380989167102,53033990100
932,47.70179603563485,-122.23787667051906,53033022300
933,47.66543169949623,-122.3822070332374,53033004701
934,47.572675231055975,-122.32785873347405,53033009300
935,47.53159679874644,-122.35558313028416,53033011401
936,47.69042542477119,-122.34136311923112,53033002700
937,47.56200654624835,-122.361548711877,53033009900
938,47.53343270046585,-122.37229595095488,53033011500
939,47.57351259267695,-122.36018834141342,53033009900
940,47.51385347108481,-122.4023007542828,53033990100
941,47.58732059654415,-122.2353223198414,53033024301
942,47.574188286477685,-122.42593252490576,53033990100
943,47.65836132493375,-122.3526134112217,53033004901
944,47.67305749754699,-122.26777593134318,53033004201
945,47.703891259179485,-122.32381026960176,53033001201
946,47.705953962498135,-122.32064278012228,53033001202
947,47.65475600079159,-122.31894020646452,53033005202
948,47.50878942663261,-122.2644789819808,53033011901
949,47.67267486133158,-122.3193132089958,53033003601
950,47.59379615665696,-122.3439848645309,53033009300
951,47.55769441380843,-122.29673161364605,53033010401
952,47.616829811545394,-122.34481412772644,53033007201
953,47.51119181389147,-122.35593272730712,53033026600
954,47.56765018404209,-122.35150305246144,53033009900
955,47.64586826462528,-122.39931618313754,53033005700
956,47.67281318742291,-122.2974924515178,53033004301
957,47.703894432784,-122.3801461059796,53033001600
958,47.56060495231741,-122.37579366145562,53033009900
959,47.50806385822545,-122.26526019005524,53033011901
960,47.68781859363839,-122.23919395176884,53033022402
961,47.5221261862187,-122.34745497698958,53033011300
962,47.577732990190825,-122.34165956725258,53033009300
963,47.56379755428309,-122.36445067945311,53033009900
964,47.50939502271361,-122.37263236593589,53033012000
965,47.70523661967307,-122.27505974500086,53033000900
966,47.61872435610647,-122.3219263125194,53033007405
967,47.66866147094703,-122.3111846770128,53033004401
968,47.628157366367134,-122.2852801568373,53033006300
969,47.62219831768513,-122.3549955309164,53033007101
970,47.50951184650949,-122.3473360833988,53033026801
971,47.52465996906148,-122.324766862241,53033011200
972,47.52612989606341,-122.36785665609764,53033011401
973,47.62474196534706,-122.3520965673332,53033007002
974,47.629071402510434,-122.3494759927966,53033006702
975,47.62487068451527,-122.29227068258037,53033007700
976,47.6811313717768,-122.27596627220144,53033003900
977,47.64241171176378,-122.4002265249922,53033005700
978,47.5719501079174,-122.33457435801448,53033009300
979,47.66328705656144,-122.31733468647764,53033005306
980,47.58521559102697,-122.43211976468054,53033990100
981,47.63593712311898,-122.25879999517092,53033024200
982,47.64640740443023,-122.38154051949763,53033005804
983,47.66637198871159,-122.36333988565816,53033004800
984,47.511373582567245,-122.36790943107292,53033026600
985,47.62124956041199,-122.43504308338436,53033990100
986,47.572681410236186,-122.29235482555151,53033010101
987,47.68765522315504,-122.33830213529106,53033002700
988,47.60260049388411,-122.3120879073432,53033008700
989,47.5178165700777,-122.27457526637409,53033011700
990,47.56351202053191,-122.33417666078488,53033009300
991,47.54071894830396,-122.26239493078958,53033011102
992,47.55328296844973,-122.29082533103195,53033010401
993,47.68053946524788,-122.25764191325622,53033004000
994,47.5556140098018,-122.43304003521888,53033990100
995,47.5543725240561,-122.26407816433554,53033010200
996,47.6177139359074,-122.2365503293394,53033024200
997,47.597881603811935,-122.3670977017182,53033990100
998,47.70011390228822,-122.35803296114254,53033001702
999,47.69472999849313,-122.3454798997578,53033001800
